id,amount,sold_on,fvf,source_em
51514552,67.9,4/3/18 2:37,3.85,8
52199858,101.85,5/8/18 8:23,6.05,4
52930558,25.99,4/21/18 9:54,0.91,4
53039989,151,4/3/18 7:09,8.97,8
53103181,188.5,4/5/18 13:58,6.6,0
53126562,219.46,4/1/18 9:17,14.81,8
53127320,75.5,4/1/18 12:32,4.89,3
53130442,368,4/1/18 13:42,24.51,8
53132859,196,4/1/18 16:08,12,8
53133144,15.35,4/1/18 16:22,1.95,8
53133649,40,4/7/18 12:06,5.2,8
53133874,15.35,4/1/18 17:01,1.78,8
53134905,44.12,4/2/18 19:11,5.45,4
53135945,37,4/2/18 19:12,3.33,4
53143667,76.5,4/2/18 4:15,5.3,8
53144923,38.25,4/2/18 6:14,2.34,8
53145022,38.25,4/2/18 6:19,2.55,8
53146355,113,4/2/18 7:54,7.22,8
53148062,38.25,4/2/18 9:41,2.51,8
53150435,14.39,4/2/18 12:05,2.08,8
53150473,38.25,4/2/18 12:05,2.1,8
53150644,45.52,4/2/18 12:09,5.92,8
53150969,142.5,4/2/18 12:42,9.23,8
53151762,32.62,4/2/18 14:21,4.09,8
53156155,113,4/2/18 15:19,6.41,8
53156344,37,4/2/18 15:26,3.33,8
53158987,15.35,4/2/18 17:25,2.19,8
53159080,38.25,4/2/18 17:24,2.65,8
53161196,70.4,4/13/18 8:50,4.37,8
53162914,28.79,4/2/18 21:08,3.66,8
53163086,37.45,4/2/18 21:02,2.36,8
53164455,67.9,4/2/18 22:54,4.03,8
53166169,37.45,4/3/18 2:25,2.43,8
53167104,38.39,4/3/18 4:27,4.74,8
53167168,15.35,4/3/18 4:42,1.78,8
53168041,135.8,4/3/18 6:11,8.31,8
53168687,74.7,4/3/18 7:09,4.24,8
53169322,32.8,4/3/18 7:48,2.15,8
53169458,37.35,4/3/18 7:49,2.25,8
53169829,27.82,4/3/18 8:30,0.97,5
53171399,37.35,4/3/18 10:08,2.49,8
53171458,45.99,4/3/18 10:08,4.14,8
53171511,37.35,4/3/18 10:08,2.45,8
53171646,37.35,4/3/18 10:26,2.02,8
53172353,107.5,4/3/18 11:47,7.35,8
53172766,33.5,4/3/18 11:22,2.32,8
53174006,50.85,4/3/18 12:53,6.09,16
53174085,37.35,4/3/18 12:36,2.66,8
53174418,32.8,4/3/18 13:04,1.98,8
53174486,37.35,4/3/18 13:16,2.18,8
53174571,67,4/3/18 13:00,3.92,8
53174573,37.5,4/3/18 13:01,2.03,8
53174801,33.5,4/3/18 13:08,2.05,8
53175747,70.3,4/3/18 13:27,4.56,8
53176033,74.7,4/3/18 13:40,6.72,22
53178182,87.8,4/3/18 16:06,3.07,2
53178234,276.05,4/3/18 15:54,18.63,8
53178237,10.55,4/3/18 15:48,1.2,8
53178770,32.8,4/3/18 16:21,1.89,8
53178831,37.35,4/3/18 16:30,2.22,8
53178915,10.88,4/3/18 16:26,0,8
53178946,107.5,4/3/18 16:31,6,8
53179274,32.8,4/3/18 16:51,2.13,8
53179497,33.5,4/3/18 17:12,1.93,8
53180852,32.8,4/3/18 18:17,1.95,8
53181135,29.69,4/3/18 18:28,3.86,8
53183339,74.7,4/3/18 20:33,4.64,8
53183414,37.5,4/3/18 20:16,2.26,8
53183716,37.35,4/3/18 20:29,2.15,8
53184848,65.6,4/3/18 21:32,4.61,8
53190929,37.35,4/4/18 6:41,2.02,8
53191415,65.6,4/4/18 7:16,4.61,8
53191417,149.4,4/4/18 7:16,8.2,8
53191472,37.35,4/4/18 7:18,2.29,8
53191630,65.6,4/4/18 7:27,3.6,8
53191818,32.8,4/4/18 7:44,1.8,8
53191970,32.9,4/4/18 8:32,2.19,8
53192761,32.8,4/4/18 8:43,2.18,8
53192925,150,4/4/18 8:58,9.99,8
53193242,37.35,4/4/18 9:34,2.62,8
53194522,297.75,4/4/18 10:38,26.8,22
53194566,37.35,4/5/18 12:08,2.25,8
53194831,74.7,4/4/18 10:58,5.18,8
53195269,246,4/4/18 11:22,16.83,16
53195578,174.5,4/4/18 12:13,10.99,8
53195581,32.8,4/4/18 11:39,2.33,8
53196861,368,4/4/18 12:57,23.52,4
53197391,203,4/4/18 13:32,7.11,2
53197602,53.99,4/4/18 13:39,4.86,22
53197941,112.05,4/4/18 14:54,6.76,8
53198154,135.75,4/4/18 14:08,8.67,4
53198460,37.35,4/4/18 14:28,2.42,8
53199315,32.9,4/4/18 15:20,1.84,8
53200322,32.9,4/4/18 16:16,2.16,8
53200389,186.75,4/4/18 16:32,10.42,8
53200829,32.9,4/4/18 16:46,1.78,8
53201338,37.5,4/4/18 17:29,2.4,8
53201686,59.38,4/4/18 18:27,7.72,8
53201831,70.15,4/4/18 17:44,3.85,8
53201887,112.5,4/5/18 7:58,6.99,8
53201954,226,4/4/18 19:00,14.24,8
53202091,32.9,4/4/18 18:01,1.95,8
53202097,98.4,4/4/18 18:10,6.11,8
53202405,216.3,4/4/18 18:32,13.43,8
53202459,32.8,4/4/18 18:20,2.1,4
53202623,56.64,4/4/18 18:32,1.98,8
53203257,99,4/4/18 19:13,6.86,8
53203389,112.05,4/4/18 19:19,3.92,0
53204443,74.7,4/4/18 20:38,5.18,3
53204444,37.5,4/4/18 20:09,2.19,8
53210378,65.8,4/5/18 2:54,4.56,8
53210693,32.9,4/5/18 3:33,1.81,8
53210872,74.7,4/5/18 3:52,4.03,8
53210939,65.6,4/5/18 4:05,4.07,8
53211116,32.9,4/5/18 4:25,2.19,8
53211956,368,4/6/18 11:18,26.16,8
53212043,395.6,4/5/18 6:27,23.5,8
53212194,98.7,4/5/18 6:44,6.57,8
53212667,38.5,4/5/18 6:49,1.35,0
53212810,37.35,4/5/18 7:11,2.08,8
53213141,37.35,4/5/18 7:26,2.35,8
53213388,14,4/5/18 7:48,1.26,8
53213910,32.9,4/5/18 8:17,2.13,8
53213946,32.9,4/5/18 9:25,1.84,8
53214298,102.95,4/5/18 9:13,6.3,8
53214396,37.5,4/10/18 7:57,2.23,15
53214650,178.6,4/6/18 7:31,11.89,8
53214839,140.3,4/5/18 18:13,7.96,8
53215399,9.59,4/5/18 9:56,1.24,8
53215504,65.8,4/5/18 10:14,4.56,8
53215519,32.8,4/5/18 10:05,1.86,8
53215667,37.35,4/5/18 10:14,2.15,8
53216042,186.75,4/5/18 11:57,11.26,8
53216055,108.4,4/5/18 10:38,6.63,8
53216645,74.7,4/5/18 11:25,4.3,8
53216989,12.35,4/5/18 11:42,1.2,8
53219292,29.75,4/5/18 14:16,3.73,8
53219633,150.5,4/5/18 14:42,9.08,8
53220554,70.4,4/5/18 15:43,3.99,8
53220634,37.35,4/5/18 15:44,2.42,8
53221159,222,4/5/18 16:29,14.19,4
53221247,112.05,4/5/18 16:27,6.35,8
53223266,37.35,4/5/18 18:24,2.62,8
53223549,37.5,4/5/18 18:38,2.26,8
53229156,255,4/6/18 3:12,15.38,8
53229244,102.95,4/6/18 3:08,6.12,8
53231424,70.15,4/6/18 6:13,4.17,8
53232890,112.05,4/6/18 7:37,7.16,8
53233399,240,4/7/18 3:26,13.61,8
53233492,37.35,4/6/18 8:33,2.35,4
53233575,65.8,4/6/18 8:25,4.26,8
53233700,65.6,4/6/18 8:31,4.01,8
53234116,103.3,4/6/18 9:05,5.58,8
53234481,32.8,4/6/18 9:27,1.8,8
53236179,135.95,4/10/18 10:24,13.45,8
53236262,131.6,4/6/18 10:13,9.36,8
53236409,37.35,4/6/18 10:15,2.45,3
53236524,37.35,4/6/18 10:26,2.22,8
53236973,37.5,4/6/18 10:54,2.23,8
53238032,32.8,4/6/18 12:15,2.15,8
53238312,113,4/6/18 12:41,7.53,8
53238449,38.38,4/6/18 14:02,5.47,4
53238975,74.7,4/6/18 13:23,5.31,8
53240099,32.8,4/6/18 15:19,1.92,8
53240113,37.35,4/6/18 14:47,2.05,8
53241164,74.7,4/6/18 16:15,4.98,8
53242602,14.39,4/6/18 17:59,1.89,8
53245051,26.8,5/5/18 10:59,1.45,8
53251700,32.9,4/7/18 3:57,1.87,8
53252045,37.35,4/7/18 5:52,2.02,8
53253937,37.35,4/7/18 7:53,2.08,8
53253983,37.35,4/7/18 7:59,2.62,8
53254236,74.7,4/7/18 8:14,4.5,8
53255448,107.5,4/7/18 9:58,7.45,8
53255524,206.4,4/7/18 10:33,11.33,8
53256685,45.1,4/7/18 11:28,6.26,8
53256875,32.9,4/7/18 11:26,1.87,8
53257404,112.5,4/7/18 12:08,7.29,8
53257878,164.3,4/7/18 12:39,11.68,8
53258582,70.15,4/7/18 13:45,6.31,22
53258932,23.06,4/7/18 13:49,1.89,8
53259074,37.5,4/7/18 13:58,2.5,8
53259106,32.8,4/7/18 14:04,1.8,8
53259745,26.8,4/7/18 15:47,0.94,0
53260330,70.15,4/7/18 15:22,4.74,8
53260343,70.15,4/7/18 15:20,4.23,8
53260389,32.9,4/7/18 15:31,1.98,4
53262245,32.8,4/7/18 17:31,1.92,8
53263174,113,4/7/18 18:33,7.12,8
53264159,37.35,4/7/18 19:44,2.15,8
53264551,131.2,4/7/18 20:10,7.79,8
53267063,32.9,4/8/18 8:10,1.9,4
53269019,37.35,4/8/18 4:27,2.42,8
53269194,37.5,4/8/18 4:52,2.63,8
53269380,37.35,4/8/18 5:11,2.59,8
53269480,70.4,4/8/18 5:14,4.25,8
53271346,75,4/8/18 7:47,5.06,8
53271399,37.5,4/8/18 8:01,1.31,0
53271472,74.7,4/8/18 7:46,4.24,8
53271659,259.5,4/8/18 8:04,14.48,8
53272602,37.5,4/8/18 9:43,2.23,8
53272628,75,4/8/18 9:45,4.73,8
53272883,11.51,4/8/18 9:43,1.4,8
53272900,75.5,4/8/18 9:39,5.03,8
53273479,70.15,4/8/18 10:24,4.92,4
53273629,32.8,4/8/18 10:32,1.98,3
53273680,65.6,4/8/18 10:44,4.55,8
53273805,74.7,4/8/18 10:46,6.72,22
53273940,107.5,4/8/18 10:58,6.58,8
53276751,32.9,4/8/18 14:01,1.81,8
53277898,37.5,4/8/18 15:15,2.67,8
53277923,103.5,4/8/18 15:06,6.52,8
53278295,70.5,4/8/18 15:35,4.82,8
53279726,141.3,4/8/18 17:39,9.79,8
53280104,224.1,4/8/18 17:15,14.72,8
53280205,37.35,4/8/18 17:20,2.66,8
53280427,57.98,4/8/18 17:33,5.22,8
53281571,98.4,4/8/18 18:44,5.93,8
53281812,103.3,4/8/18 18:57,7.16,8
53283250,14.39,4/8/18 20:34,2.13,8
53285640,59.98,4/8/18 22:31,5.4,8
53289660,30.47,4/14/18 17:26,3.96,22
53290736,59.98,4/9/18 3:34,3.24,8
53291297,113,4/9/18 4:36,6.31,8
53292837,196.8,4/9/18 6:24,12.58,8
53293308,24.89,4/9/18 7:00,0.87,4
53293637,88.98,4/9/18 7:31,4.89,8
53293943,70.4,4/12/18 6:13,4.82,8
53294598,37.35,4/9/18 8:27,2.25,8
53295264,75,4/9/18 9:22,5.33,8
53295517,37.35,4/9/18 9:31,2.22,8
53295659,66.5,4/9/18 9:43,5.99,22
53295971,37.35,4/9/18 9:57,2.49,8
53296641,65.6,4/9/18 10:39,4.25,8
53296774,65.6,4/9/18 10:48,3.6,8
53297615,222,4/9/18 11:35,15.38,8
53297664,37.5,4/9/18 13:01,2.67,8
53297850,102.95,4/9/18 11:53,5.65,8
53297985,37.5,4/9/18 11:59,2.13,8
53298205,37.5,4/9/18 12:12,2.19,16
53298721,74.7,4/9/18 12:51,4.1,8
53299634,15.35,4/9/18 13:32,2.13,8
53299665,23.02,4/9/18 14:22,2.8,8
53299791,37.5,4/17/18 7:46,2.63,8
53300004,238.7,4/9/18 14:05,15.68,8
53302199,74.7,4/9/18 15:56,5.31,8
53303152,37.5,4/9/18 17:07,2.06,8
53303249,19.99,4/10/18 7:43,2.6,8
53303680,65.6,4/9/18 17:19,3.84,8
53303710,150.5,4/9/18 17:24,9.89,8
53304163,103.3,4/9/18 17:47,5.58,8
53305483,186.75,4/9/18 18:37,12.44,8
53305615,32.9,4/9/18 18:46,1.81,8
53305843,112.05,4/9/18 18:58,10.08,22
53306584,37.5,4/9/18 19:53,2.46,8
53307604,103.2,4/9/18 20:11,6.87,8
53316240,37.35,4/10/18 6:21,2.62,8
53316277,32.8,4/10/18 5:42,1.77,8
53316522,70.15,4/10/18 6:03,4.48,8
53316547,32.8,4/10/18 6:05,1.77,8
53317085,32.9,4/10/18 6:49,2.28,8
53317807,244.2,4/10/18 7:42,13.19,8
53318168,1716,4/18/18 12:08,47.04,8
53318462,37.5,4/10/18 8:50,2.3,8
53318542,74.7,4/10/18 8:24,4.37,8
53319181,65.8,4/10/18 9:06,4.03,8
53319393,37.5,4/10/18 9:32,2.6,8
53320229,37.35,4/10/18 10:20,2.52,8
53320748,144.85,4/10/18 10:46,8.21,8
53322888,70.4,4/10/18 12:53,6.34,22
53323083,32.8,4/10/18 13:00,2.18,4
53323929,102.95,4/10/18 13:51,6.39,8
53324105,74.7,4/10/18 14:00,4.77,8
53324916,37.35,4/10/18 14:45,2.05,8
53324991,102.95,4/10/18 14:52,6.58,8
53325264,102.95,4/10/18 15:12,6.49,8
53325589,32.8,4/10/18 15:25,2.07,8
53326090,74.7,4/10/18 15:56,4.84,8
53326098,37.35,4/10/18 16:00,2.62,8
53326793,10.55,4/10/18 16:34,1.42,8
53327036,150.5,4/10/18 16:51,9.75,8
53327667,75,4/10/18 17:27,4.32,8
53329393,13.5,4/10/18 19:18,0.98,8
53330075,144.85,5/3/18 15:59,10.3,8
53331243,15,4/10/18 20:50,1.35,8
53332204,32.8,4/10/18 21:38,2.95,22
53341682,32.9,4/11/18 10:08,1.9,8
53342226,37.5,4/11/18 5:39,2.53,8
53342587,37.5,4/11/18 6:16,2.03,8
53342946,37.5,4/11/18 6:41,2.23,8
53342949,37.5,4/11/18 6:38,2.53,8
53343629,70.15,4/11/18 7:30,3.79,8
53344006,140.3,4/11/18 7:50,12.63,22
53344129,107.5,4/11/18 8:03,7.16,8
53345034,37.35,4/11/18 9:01,2.59,8
53345451,32.8,4/11/18 9:30,2.07,8
53345881,14.39,4/11/18 9:55,1.94,8
53346204,37.35,4/11/18 10:17,2.62,8
53346263,98.4,4/12/18 10:11,6.73,8
53347042,178.7,4/11/18 12:12,10.78,8
53347284,68.13,4/11/18 12:32,9.32,8
53347547,70.3,4/11/18 11:45,3.99,8
53348083,74.7,4/11/18 12:17,4.1,8
53348087,74.7,4/11/18 12:20,5.11,8
53348359,75.6,4/11/18 12:40,0,8
53349139,132.77,4/11/18 13:33,13.13,4
53350373,37.35,4/11/18 14:34,2.66,8
53351735,70.15,4/12/18 14:48,4.8,8
53351785,75.5,4/11/18 16:08,4.14,8
53352038,74.7,4/11/18 16:44,4.64,8
53353120,65.6,4/12/18 4:32,4.49,8
53354311,65.6,4/11/18 18:36,4.66,8
53355973,32.8,4/11/18 20:13,1.95,8
53356091,32.8,4/11/18 20:15,1.8,4
53356130,65.6,4/12/18 12:00,3.9,4
53358227,65.6,4/11/18 23:00,3.6,8
53359705,70.4,4/12/18 1:51,4.56,8
53361771,183,4/12/18 5:30,12.19,8
53361938,32.9,4/12/18 5:37,1.9,8
53362300,178.2,4/12/18 6:11,12.35,8
53362361,37.5,4/12/18 6:30,2.16,8
53362423,37.5,4/12/18 6:17,2.4,8
53362444,32.8,4/12/18 6:26,2.27,8
53362484,205.9,4/12/18 6:26,14.08,8
53362515,37.35,4/12/18 6:29,2.02,8
53363021,45.99,4/12/18 7:06,4.14,4
53363432,32.8,4/12/18 7:33,2.21,8
53363478,74.7,4/12/18 7:42,5.18,8
53363545,70.4,4/12/18 8:15,3.86,8
53364915,75.5,4/12/18 8:45,4.35,8
53365132,32.8,4/12/18 8:57,1.89,8
53367077,132.9,4/12/18 9:48,11.96,22
53367155,37.35,4/12/18 9:54,2.35,8
53367773,32.8,4/12/18 10:33,1.95,8
53367955,29.85,4/12/18 10:48,2.95,3
53368001,37.5,4/12/18 10:49,2.36,8
53368022,32.8,4/12/18 10:59,2.33,8
53368317,70.15,4/12/18 11:11,6.31,22
53369171,174.9,4/12/18 12:14,12.44,8
53369374,229.95,4/12/18 12:31,20.7,8
53370574,37.5,4/12/18 13:38,3.38,22
53371576,44.54,4/12/18 14:48,5.79,8
53371970,511.4,4/12/18 15:27,27.62,8
53372296,103.5,4/12/18 15:31,0,8
53372660,37.35,4/12/18 15:55,2.39,8
53372784,103.3,4/12/18 23:51,6.32,8
53372971,145.4,4/12/18 18:21,10.34,8
53373157,32.8,4/12/18 16:24,2.33,4
53374194,70.15,4/14/18 12:14,4.23,8
53374201,102.95,4/12/18 17:44,5.93,8
53375074,178.8,4/12/18 18:19,12.07,8
53375091,65.6,4/12/18 19:18,4.01,8
53376496,434.5,4/12/18 19:51,29.72,8
53376575,45.99,4/12/18 19:51,4.14,8
53381183,48.7,4/13/18 3:08,3.11,8
53381960,32.8,4/13/18 4:35,2.3,8
53382001,75,4/13/18 4:39,5.33,4
53382380,80,4/13/18 5:26,4.46,8
53382832,32.8,4/13/18 6:01,2.3,8
53383432,112.05,4/13/18 6:53,7.26,8
53383571,368,4/13/18 7:05,22.52,4
53386363,22.99,4/13/18 10:16,0,8
53387162,74.7,4/13/18 11:15,4.64,8
53387233,65.6,4/13/18 11:17,4.25,8
53388926,168.15,4/13/18 13:48,11.8,8
53390071,49.99,4/13/18 14:38,9.5,8
53390128,75,4/13/18 14:46,5.06,8
53390374,65.8,4/13/18 15:03,4.15,8
53390549,141.8,4/13/18 15:17,8.42,8
53390688,107.4,4/13/18 15:35,7.25,8
53391034,75,4/13/18 15:53,4.86,8
53392063,37.35,4/13/18 17:05,3.36,22
53392854,75.5,4/13/18 17:57,4.42,8
53393504,37.5,4/13/18 18:47,2.03,8
53394289,74.7,4/13/18 19:50,4.5,8
53396953,32.9,4/13/18 23:19,1.95,4
53399307,32.8,4/14/18 4:21,1.8,8
53399984,206.6,4/14/18 5:44,13.2,8
53401133,32.8,4/14/18 7:26,2.01,4
53401723,173.7,4/14/18 8:08,11.41,8
53401854,32.8,4/14/18 8:11,1.95,8
53402029,75,4/14/18 8:27,5.13,8
53402062,112.5,4/14/18 8:26,6.28,8
53402201,32.8,4/14/18 8:40,2.1,8
53404447,37.35,4/14/18 10:43,3.36,22
53404595,34.12,4/14/18 11:03,3.38,3
53404724,32.8,4/14/18 11:08,1.95,8
53404908,112.5,4/14/18 11:16,6.68,8
53404923,32.8,4/14/18 11:16,2.15,8
53406066,102.75,4/14/18 12:28,5.83,8
53406086,19.79,4/14/18 12:26,0,0
53406705,32.9,4/14/18 13:13,2.22,8
53407000,32.9,4/14/18 13:31,2.19,8
53407286,32.8,4/14/18 13:43,2.33,8
53407632,74.7,4/14/18 14:05,6.72,22
53408407,149.4,4/14/18 17:05,8.2,4
53409680,103.5,4/14/18 16:15,6.05,8
53410505,10.55,4/14/18 16:56,1.2,8
53411184,51.85,5/1/18 12:21,0,16
53411766,32.9,4/14/18 18:18,2.34,8
53413007,13.6,4/14/18 20:04,1.35,0
53416534,37.5,4/14/18 23:59,2.4,8
53419769,37.5,4/15/18 6:30,2.63,8
53420405,37.5,4/15/18 14:41,2.46,8
53420617,37.35,4/15/18 7:24,2.08,8
53421310,375,4/15/18 8:30,25.31,8
53422202,37.5,4/15/18 9:21,3.38,22
53422695,37.5,4/15/18 9:53,3.38,22
53422795,37.5,4/15/18 10:02,2.63,8
53423379,107.9,4/15/18 11:02,6.02,8
53424375,32.9,4/15/18 11:40,1.84,8
53424684,75,4/15/18 12:05,4.66,8
53427556,135.9,4/15/18 14:50,8.19,8
53428017,102.95,4/15/18 15:19,6.76,8
53428505,70.15,4/15/18 15:44,4.04,8
53429641,37.35,4/15/18 16:49,2.52,8
53429843,131.2,4/15/18 17:06,7.68,8
53430270,112.5,4/15/18 17:26,6.38,8
53430327,23.03,4/15/18 17:33,3.11,8
53432997,79.98,4/16/18 18:35,15.2,4
53433472,37.5,4/15/18 20:31,2.43,4
53434718,440,4/15/18 21:46,26.14,4
53438266,74.7,4/16/18 6:31,4.03,7
53440922,103.5,4/16/18 6:14,6.33,8
53441432,37.5,4/16/18 6:40,2.16,8
53441536,37.5,4/16/18 6:45,2.16,8
53441553,206.2,4/19/18 3:13,12.81,4
53441839,37.5,4/16/18 9:33,2.3,8
53441860,37.35,4/16/18 7:15,2.25,4
53442592,74.7,4/16/18 8:06,4.03,8
53443019,113,4/17/18 13:58,6.51,8
53443811,65.6,4/16/18 9:28,4.37,8
53444214,113,4/16/18 9:54,6.92,7
53445099,75,4/16/18 10:57,4.05,8
53446318,70.4,4/17/18 9:20,6.34,22
53446755,98.7,4/16/18 12:31,6.93,8
53447173,196.4,4/16/18 13:27,17.68,22
53447930,37.35,4/16/18 13:36,2.32,8
53448099,37.35,4/16/18 13:47,2.05,8
53448235,37.5,4/23/18 15:32,2.3,8
53448987,37.35,4/16/18 14:39,3.36,22
53449510,19.34,4/16/18 15:11,1.74,8
53449614,37.95,4/25/18 10:30,2.22,8
53451501,32.8,4/18/18 10:57,2.04,8
53451586,56.18,4/16/18 17:24,5.06,8
53451678,15.9,4/16/18 17:24,0.97,8
53451885,150,4/16/18 17:32,8.51,8
53452883,29.85,4/16/18 18:17,2.95,3
53453090,144.85,4/16/18 18:48,8.47,8
53454403,29.74,4/16/18 19:24,4.12,8
53454599,65.6,4/16/18 19:32,3.78,8
53454670,37.5,4/16/18 19:34,2.19,8
53462193,37.5,4/17/18 13:27,2.5,8
53463011,32.9,4/17/18 4:25,1.92,8
53463587,37.5,4/17/18 5:07,2.5,8
53464415,37.5,4/17/18 6:28,2.36,8
53464535,150,4/17/18 6:42,8.51,8
53464830,75,4/17/18 6:59,4.32,8
53464944,37.5,4/17/18 7:04,2.46,8
53465595,37.5,4/17/18 7:57,2.26,8
53465975,136.5,4/17/18 8:36,7.99,8
53466693,107.5,4/17/18 9:16,7.26,8
53466711,75,4/18/18 11:59,4.52,8
53467863,37.35,4/17/18 10:36,3.36,22
53468662,37.35,4/17/18 11:18,2.05,8
53469146,37.5,4/17/18 11:59,2.53,8
53469845,65.6,4/17/18 12:32,3.96,4
53471535,75,4/17/18 14:23,5,8
53471896,37.5,4/17/18 14:44,2.53,8
53474696,35.48,4/17/18 15:47,4.38,8
53476181,205.9,4/17/18 17:07,12.6,7
53476913,140.2,4/17/18 18:03,9.97,8
53477613,65.8,4/17/18 19:44,3.67,8
53478143,107.5,4/17/18 19:12,7.64,4
53478429,13.19,4/17/18 22:49,0,
53479587,74.7,4/17/18 20:32,4.1,8
53483690,75,4/18/18 2:33,0,
53483884,75.5,4/18/18 0:49,5.37,8
53485026,37.35,4/18/18 3:22,2.25,8
53485299,89.82,4/18/18 3:57,8.88,3
53486221,65.6,4/18/18 5:31,3.54,8
53486595,98.4,4/18/18 6:04,6.29,8
53488002,70.4,4/18/18 8:24,5.01,8
53489079,112.05,4/18/18 11:06,6.15,8
53489460,75,4/20/18 6:09,5.27,8
53489667,32.8,4/18/18 9:06,2.15,8
53489997,37.35,4/18/18 9:32,2.25,8
53492410,50.99,4/18/18 11:46,4.59,3
53492783,37.5,4/18/18 11:59,2.53,8
53493206,32.8,4/18/18 12:21,2.04,8
53493659,140.6,4/18/18 12:48,8.86,8
53493829,37.5,4/18/18 12:59,2.5,8
53494392,102.95,4/18/18 13:39,9.27,22
53495185,32.8,4/18/18 14:26,2.18,8
53495600,131.6,4/18/18 14:57,7.94,8
53497736,74.7,4/18/18 17:34,4.03,8
53497744,65.8,4/18/18 17:32,3.67,8
53499733,37.5,4/18/18 19:07,2.57,8
53500727,37.5,4/18/18 20:14,2.53,8
53501510,37.5,4/18/18 21:01,2.23,8
53506231,32.8,4/19/18 15:27,1.8,8
53506450,17.27,4/26/18 6:58,2.03,4
53506901,75,4/19/18 6:28,4.39,8
53507023,32.9,4/19/18 6:36,2.28,3
53508238,145.5,4/19/18 8:06,8.51,8
53508843,32.8,4/19/18 8:39,2.13,8
53509343,102.85,4/19/18 9:13,6.29,8
53509943,70.15,4/19/18 10:20,3.98,8
53510945,37.35,4/19/18 10:57,2.22,8
53516860,373,4/19/18 17:20,26.18,4
53518689,37.35,4/19/18 18:17,2.42,8
53518859,32.8,4/19/18 18:27,1.86,8
53519170,295,4/19/18 18:53,19.12,8
53519735,65.6,4/19/18 19:28,4.37,8
53523522,33.4,4/19/18 22:53,1.8,8
53523665,37.5,4/19/18 23:13,2.6,8
53526740,18.99,4/20/18 5:08,2.47,8
53528248,37.5,4/20/18 7:12,2.16,8
53528842,37.35,4/20/18 7:55,1.31,0
53529741,412.5,4/20/18 9:02,28.96,8
53529926,102.75,4/20/18 9:28,6.94,8
53530026,7.9,4/20/18 9:29,0.71,8
53530049,37.35,4/20/18 9:24,2.15,8
53530098,74.7,4/20/18 9:30,4.03,8
53532419,44.9,4/20/18 12:26,2.55,8
53532592,21.62,4/20/18 12:51,1.72,8
53532641,15.55,4/20/18 12:51,1.31,8
53533146,99,4/20/18 14:12,3.47,0
53534437,114.5,4/20/18 15:02,7.63,3
53535081,68.8,4/20/18 16:21,2.41,0
53535908,65.6,4/21/18 1:08,4.31,8
53536580,168.45,4/20/18 17:46,9.85,8
53537570,74.7,4/20/18 19:29,4.98,8
53543871,36.99,4/21/18 6:30,4.81,8
53544307,65.6,4/22/18 17:27,4.61,8
53544944,72,4/23/18 4:36,4.73,8
53544993,37.5,4/21/18 8:16,1.31,0
53545788,32.8,4/21/18 9:08,1.92,8
53545800,45.99,4/21/18 9:08,4.14,8
53545891,70.05,4/21/18 9:15,3.91,8
53545984,37.5,4/21/18 9:27,2.46,8
53546435,37.35,4/21/18 9:57,2.32,8
53546549,33.4,4/21/18 10:06,1.83,8
53546769,37.35,4/21/18 10:25,2.05,8
53548283,14,4/21/18 12:14,1.16,8
53549057,140.3,4/21/18 13:12,12.63,22
53549407,238.5,4/22/18 8:20,21.47,22
53550136,75,4/21/18 14:42,5,8
53551337,33.4,4/21/18 16:07,1.89,8
53552521,137.7,4/21/18 17:37,7.56,8
53552550,27.8,4/21/18 17:48,1.6,8
53552973,252,4/21/18 18:36,22.68,22
53553011,32.99,4/21/18 18:11,2.97,8
53554650,32.8,4/24/18 6:44,1.95,8
53554861,108.5,4/21/18 20:48,7.62,8
53554964,67.4,4/23/18 7:28,4.31,8
53555028,74.7,4/21/18 20:41,4.64,8
53560841,74.7,4/22/18 6:41,4.64,8
53561876,37.35,4/22/18 8:10,2.18,8
53561982,187.5,4/22/18 8:18,6.56,0
53563975,37.5,4/22/18 10:37,2.46,3
53564526,137.5,4/22/18 11:18,9.28,8
53564795,26.9,4/22/18 11:34,0.94,0
53565172,108.4,4/22/18 12:28,6.93,8
53565373,37.35,4/22/18 12:14,2.62,8
53565745,37.35,4/22/18 12:46,2.29,8
53567802,16.2,4/22/18 14:08,1.6,4
53569346,75,4/22/18 16:05,4.25,8
53571508,37.35,4/22/18 18:21,2.62,8
53571771,32.8,4/22/18 18:38,2.13,8
53572358,74.7,4/22/18 19:15,4.84,8
53578277,37.5,4/23/18 5:45,2.43,8
53578820,42.9,4/23/18 6:32,3.86,22
53578875,182.2,4/23/18 6:46,10.49,8
53579419,33.4,4/23/18 7:26,1.92,8
53579827,37.35,4/23/18 7:53,2.29,8
53580090,141.6,4/23/18 8:13,7.65,8
53580231,37.5,4/23/18 8:25,2.6,8
53580489,75,4/23/18 8:36,4.79,8
53580676,37.35,4/23/18 8:45,2.12,8
53581428,37.5,4/23/18 9:33,2.3,8
53581484,171.3,4/23/18 15:16,10.33,8
53585616,37.5,4/23/18 12:55,2.67,8
53585653,236.5,4/23/18 12:37,16.6,7
53585840,75,4/23/18 13:30,5,8
53585933,70.8,4/23/18 12:48,4.4,8
53586208,37.5,4/23/18 13:14,2.67,8
53586442,37.35,4/23/18 13:19,2.52,8
53586777,12.9,4/23/18 13:30,1.16,16
53587588,32.8,4/23/18 14:29,1.77,8
53587725,37.35,4/23/18 14:56,2.25,8
53588688,27.35,4/23/18 15:36,1.46,8
53589111,32.8,4/23/18 15:55,2.95,22
53590022,75,4/23/18 16:54,2.63,0
53590263,112.5,4/23/18 17:20,7.59,8
53590588,81.09,4/23/18 17:51,2.68,0
53590781,70.05,4/23/18 17:43,6.3,22
53600046,107.5,4/24/18 5:34,6.77,8
53600864,135.55,4/24/18 6:05,8.3,8
53601215,102.95,4/24/18 7:12,6.3,8
53601701,112.05,4/24/18 7:13,6.96,8
53603211,32.8,4/24/18 9:03,2.01,8
53603804,63.75,4/24/18 9:56,4.13,8
53604016,37.95,5/2/18 5:18,2.05,8
53604133,209.5,4/24/18 10:10,12.63,8
53604522,48.62,4/24/18 10:20,3.24,8
53604807,471.9,4/24/18 10:40,25.91,4
53605148,74.7,4/24/18 10:58,4.03,8
53605987,42.9,4/24/18 12:01,2.51,8
53607630,65.6,4/24/18 13:24,4.13,8
53608118,34.99,4/24/18 13:52,4.55,8
53608598,109.2,4/24/18 14:18,7.08,8
53611195,163.7,4/24/18 16:06,11.05,8
53611432,74.7,4/24/18 16:43,2.61,0
53612149,33.95,4/30/18 5:26,1.86,8
53612181,75.9,4/24/18 17:05,5.4,8
53612931,135,4/24/18 18:11,4.73,0
53624021,77.5,4/24/18 22:02,4.19,8
53624036,74.7,4/24/18 22:01,5.31,4
53624151,33.95,4/24/18 22:19,2.41,8
53625477,299.6,4/25/18 0:26,18.61,8
53627895,37.95,4/25/18 5:27,2.36,8
53628146,169.75,5/4/18 6:51,9.47,8
53629485,69.98,4/25/18 8:52,6.3,4
53629969,74.7,4/25/18 8:11,5.31,8
53631621,11.51,4/25/18 9:54,1.4,8
53634516,112.05,4/25/18 13:15,6.05,8
53634687,9.59,4/25/18 13:21,1.31,8
53636736,37.35,4/25/18 15:39,2.59,8
53637262,37.95,4/25/18 16:30,2.29,8
53637656,107.5,4/25/18 16:40,5.81,16
53637941,149.95,4/25/18 17:06,8.64,8
53640024,71.9,4/25/18 19:07,3.88,8
53641295,74.7,4/25/18 20:20,4.57,8
53643029,65.6,4/25/18 22:24,3.6,8
53643657,224.1,4/25/18 23:39,12.71,8
53646050,75.9,4/26/18 4:29,5.05,4
53646597,74.7,4/26/18 12:02,5.11,4
53646775,74.7,4/26/18 5:41,5.31,8
53647933,67.9,5/2/18 8:16,4.16,4
53649286,37.95,4/26/18 8:40,2.49,8
53650667,15.35,4/26/18 10:38,2.04,8
53651450,37.35,4/26/18 12:09,2.32,8
53651547,57.03,4/27/18 5:26,3.29,8
53652611,109.85,4/26/18 12:31,7.51,8
53654612,75.9,4/26/18 13:49,4.78,8
53655728,113.85,4/26/18 15:07,7.79,8
53655729,37.95,4/26/18 15:03,2.05,15
53656202,37.35,4/26/18 15:40,2.42,8
53656380,37.35,4/26/18 15:51,2.59,8
53656716,28.78,4/26/18 16:43,3.83,4
53657125,75.9,4/26/18 16:46,5.33,8
53659395,33.95,4/26/18 19:10,1.96,8
53660813,30.7,4/26/18 22:10,4.32,8
53661477,49.99,4/26/18 21:32,9.5,8
53666712,37.95,4/27/18 4:48,2.53,3
53666954,116,4/27/18 5:13,7.52,8
53667567,977,4/27/18 6:31,41.81,8
53667767,32.8,4/27/18 6:44,1.98,8
53668203,65.6,4/27/18 6:56,4.49,8
53668305,37.95,4/27/18 6:55,2.46,8
53670196,71.9,4/27/18 9:10,4.46,8
53670869,37.35,4/27/18 10:06,2.59,8
53671432,173.75,4/27/18 11:06,10.01,8
53671504,22.06,4/27/18 10:52,2.64,8
53671885,116,4/27/18 11:23,7.52,8
53673383,98.4,4/27/18 12:35,5.76,4
53673648,28.79,4/27/18 13:03,3.56,8
53675128,37.35,4/27/18 14:19,1.31,0
53677113,74.7,4/27/18 15:59,4.5,3
53678963,105.85,4/27/18 16:59,6.1,8
53682797,32.8,4/27/18 19:57,2.95,22
53683271,215,5/1/18 18:14,12.58,8
53686199,37.35,4/27/18 22:59,2.05,8
53690998,151.8,4/28/18 6:33,8.61,8
53692126,279.6,4/28/18 7:56,19.63,8
53692888,169.03,4/28/18 8:49,16.72,
53693071,32.8,4/28/18 9:04,2.15,8
53694654,70.15,4/28/18 10:30,4.48,8
53695389,11.51,4/28/18 11:11,1.44,8
53696610,29.5,4/30/18 17:47,1.99,8
53696650,37.95,5/3/18 12:06,2.05,8
53696666,37.35,4/28/18 12:24,2.55,8
53697298,15.35,4/28/18 13:01,2.3,8
53698853,33.95,4/28/18 14:30,2.29,3
53698902,237.65,4/28/18 14:43,12.83,8
53699200,32.8,4/28/18 14:53,1.83,8
53700073,75.9,4/28/18 15:37,4.92,8
53701189,291.6,4/28/18 16:55,20.73,8
53701692,91.17,4/28/18 17:48,11.61,8
53703398,113.85,4/28/18 19:00,6.35,4
53704399,74.7,4/28/18 19:45,5.04,8
53705511,32.8,4/28/18 20:44,2.24,8
53707327,15.35,4/28/18 22:09,2.19,8
53712882,32.19,4/29/18 5:33,1.13,8
53713628,32.19,4/29/18 6:26,7.63,4
53715395,37.95,4/29/18 8:29,2.53,8
53715425,32.8,4/29/18 8:25,1.98,8
53715890,98.4,4/29/18 8:54,6.2,8
53717159,52.78,4/29/18 10:05,6.52,8
53717923,70.15,4/29/18 10:46,4.29,16
53718872,37.95,4/29/18 11:35,2.36,8
53721616,37.35,4/29/18 14:05,2.62,16
53722429,177.75,4/29/18 14:48,10.4,8
53724083,289.7,4/29/18 16:06,15.9,8
53724197,102.75,4/29/18 16:16,7.03,8
53724707,113.85,4/29/18 16:49,6.66,8
53725013,112.05,4/29/18 16:59,7.46,4
53726303,173.75,4/29/18 18:10,15.64,22
53727352,65.6,4/29/18 18:50,2.3,0
53728541,37.95,4/29/18 19:54,2.12,8
53728546,32.8,4/29/18 19:50,1.92,8
53738752,105.85,4/30/18 5:27,6.57,8
53738783,32.8,4/30/18 5:22,2.01,8
53739300,109.85,4/30/18 6:12,5.93,8
53739437,77.5,4/30/18 6:16,5.44,8
53740641,65.5,4/30/18 7:38,3.77,8
53741125,196.5,5/4/18 5:24,11.14,8
53745504,189.75,4/30/18 10:16,12.13,8
53745855,25.19,4/30/18 10:21,1.65,16
53746157,37.35,4/30/18 10:39,2.25,8
53746699,32.8,4/30/18 11:15,2.1,16
53746997,37.35,4/30/18 11:26,2.32,8
53750224,9.9,4/30/18 14:22,0.61,8
53751414,37.35,4/30/18 16:22,2.22,8
53751465,32.8,4/30/18 15:28,2.27,8
53752250,70.15,4/30/18 16:14,4.67,8
53752419,32.8,4/30/18 16:28,2.24,8
53753387,47.95,4/30/18 17:09,6.38,8
53753787,44.14,4/30/18 17:34,5.7,8
53754228,65.98,4/30/18 17:54,4.16,8
53754562,199,4/30/18 18:08,17.91,22
53754635,37.35,4/30/18 18:12,2.22,8
53754868,75.9,4/30/18 18:19,5.33,3
53756969,32.8,5/1/18 8:22,1.15,0
53757025,37.95,5/1/18 8:22,1.33,0
53757673,227.7,4/30/18 20:54,12.91,8
53766158,65.6,5/1/18 3:55,3.78,8
53766292,32,5/1/18 3:55,9.6,8
53767764,32,5/1/18 5:51,9.6,22
53767899,64,5/1/18 6:00,2.24,0
53768138,186.75,5/1/18 6:15,12.1,8
53768623,74.7,5/1/18 6:56,4.64,8
53768737,23.74,5/1/18 6:56,2.14,8
53769236,308.85,5/1/18 7:47,20.01,8
53769289,37.35,5/1/18 11:06,2.05,8
53769415,223.7,5/1/18 7:46,12.08,8
53769799,196.8,5/1/18 8:15,13.82,8
53770333,32.8,5/1/18 8:36,2.07,8
53770391,37.95,5/1/18 8:36,2.53,8
53770545,32.8,5/1/18 8:47,2.33,8
53771510,50.4,5/1/18 10:34,2.81,4
53772096,37.95,5/1/18 10:38,2.53,8
53773456,34.55,5/1/18 11:37,4.46,8
53774133,70.05,5/1/18 12:17,4.54,8
53774680,37.35,5/1/18 12:49,2.32,8
53775348,18.8,5/1/18 13:25,1.05,4
53775529,32.8,5/1/18 13:38,2.95,22
53776464,32.8,5/1/18 14:21,1.8,8
53776505,75.9,5/1/18 14:40,4.71,8
53777252,32.8,5/1/18 15:14,2.04,8
53778292,77.5,5/1/18 16:07,5.16,8
53778920,19.8,6/27/18 13:26,,
53780146,70.15,5/1/18 17:57,4.04,4
53780410,74.7,5/1/18 18:12,4.3,8
53781360,50,5/1/18 19:01,3.2,8
53781400,529.35,5/2/18 9:22,35.09,8
53781408,37.95,5/1/18 18:55,2.25,4
53782851,11.51,5/1/18 20:13,1.38,8
53783513,44.9,5/1/18 20:56,2.95,8
53787888,25.2,5/2/18 3:28,1.79,8
53792851,37.35,5/2/18 9:00,2.02,8
53792890,14,5/2/18 8:16,1.24,8
53792892,135.65,5/2/18 8:20,9.28,8
53793756,411.2,5/2/18 9:28,28.87,8
53793899,33.95,5/2/18 9:28,2.17,4
53794237,71.9,5/2/18 9:56,4.4,8
53794313,37.95,5/2/18 9:54,2.15,8
53794518,74.7,5/2/18 10:05,5.24,8
53795255,149.4,5/2/18 10:54,8.87,8
53795815,110.85,5/2/18 11:36,7.68,8
53795915,41.24,5/2/18 11:49,5.56,4
53796830,10.9,5/2/18 12:35,0.69,8
53797942,32.8,5/2/18 13:54,1.95,8
53798330,71.9,5/2/18 14:14,4.85,8
53799271,11.51,5/5/18 21:34,1.31,3
53799385,37.95,5/2/18 15:09,2.08,8
53799985,19.8,5/2/18 15:51,0.5,0
53800233,37.35,5/2/18 16:09,2.08,8
53801208,32.8,5/2/18 17:17,1.89,8
53801970,102.75,5/2/18 19:09,6.1,8
53802168,289.5,5/2/18 18:20,17.2,8
53802747,71.9,5/2/18 18:58,4.34,8
53804406,32.8,5/2/18 20:51,1.86,8
53807072,98.4,5/3/18 0:24,5.84,8
53810363,168.15,5/9/18 10:57,11.65,8
53810811,32.8,5/3/18 4:06,2.18,8
53811083,38.99,5/3/18 4:47,3.51,8
53811504,37.35,5/3/18 5:34,1.31,0
53812638,71.8,5/3/18 9:02,4.59,4
53812767,11.98,5/3/18 9:02,1.56,4
53812805,37.35,5/3/18 7:38,2.12,8
53813789,37.35,5/3/18 9:02,2.18,8
53813812,26.24,5/3/18 9:04,2.36,8
53814265,222,5/3/18 9:46,12.99,16
53814890,32.8,5/3/18 10:55,2.33,8
53814898,140.2,5/3/18 10:42,9.97,8
53815095,19.18,5/3/18 11:23,2.73,8
53815348,32.8,5/3/18 11:22,1.92,8
53816183,37.35,5/3/18 12:41,2.39,8
53816550,65.6,5/3/18 13:08,4.19,8
53816670,32.8,5/3/18 13:25,2.3,8
53819302,107.5,5/3/18 14:15,6.58,8
53819933,65.6,5/3/18 14:55,4.61,8
53820040,70.15,5/3/18 15:09,4.8,8
53820651,14.39,5/3/18 15:57,1.91,8
53821672,12.99,5/3/18 17:17,1.69,8
53821722,65,5/3/18 17:26,6.25,8
53821941,41.26,5/3/18 17:49,5.49,8
53822123,71.9,5/3/18 17:52,4.66,4
53822338,9.59,5/3/18 18:07,1.2,8
53825453,41.88,5/3/18 21:24,1.47,8
53827378,65.6,5/3/18 22:18,3.66,3
53830828,67.17,5/4/18 5:17,7.91,8
53830868,131.2,5/4/18 5:17,7.79,8
53830921,65.6,5/4/18 5:17,3.72,8
53832572,15.35,5/4/18 7:48,1.81,8
53832883,65.6,5/4/18 8:12,3.96,8
53832976,52.78,5/4/18 8:16,7.92,8
53833254,70.15,5/4/18 8:40,4.42,8
53833878,32.99,5/4/18 9:14,1.99,8
53834915,32.8,5/4/18 10:25,1.86,8
53835033,37.35,5/4/18 10:36,2.62,8
53835123,77.5,5/4/18 10:43,5.51,8
53835728,107.4,5/4/18 11:26,6.48,8
53836665,143.8,5/4/18 12:36,8.67,8
53837061,65.6,5/4/18 14:09,4.13,4
53837740,72.4,5/4/18 13:49,4.95,8
53839148,42.9,5/4/18 15:24,3.05,8
53839494,151.8,5/4/18 16:09,8.74,8
53840054,42,5/4/18 16:34,3.55,8
53840757,32.8,5/4/18 17:23,2.33,8
53840796,15.35,5/4/18 17:35,1.78,8
53841275,11.51,5/4/18 18:05,1.68,8
53844013,11.51,5/4/18 20:39,0.5,0
53850171,37.95,5/5/18 4:46,2.6,8
53850323,17.91,5/5/18 5:00,1.16,8
53850579,75.9,5/5/18 5:37,4.1,8
53851452,32.8,5/5/18 6:55,2.15,8
53851810,75.9,5/5/18 7:14,4.85,8
53852205,26.9,5/5/18 7:42,1.91,8
53852629,74.7,5/5/18 8:21,4.91,8
53852640,83.74,5/5/18 8:17,7.2,3
53852675,65.6,5/5/18 8:27,4.37,8
53854294,12.47,5/5/18 10:14,1.45,8
53854738,34.55,5/5/18 15:06,4.99,8
53854820,37.35,5/5/18 11:16,2.29,4
53856187,98.4,5/5/18 12:26,5.67,8
53856671,149.95,5/5/18 12:55,8.37,8
53857971,109.85,5/5/18 14:16,7.41,8
53859461,37.35,5/5/18 16:01,1.31,0
53860344,77.5,5/5/18 17:06,4.67,16
53861418,187.75,5/9/18 14:35,11.49,8
53862660,37.95,5/5/18 19:39,2.19,8
53862828,112.28,5/6/18 17:47,16.43,8
53863732,149.3,5/5/18 21:08,8.47,8
53868354,32.8,5/6/18 5:34,1.89,8
53869099,177.45,5/6/18 6:44,9.74,8
53869314,71.9,5/6/18 6:55,3.88,8
53869549,135,5/6/18 7:15,9.23,4
53869629,65.6,5/6/18 8:46,4.01,8
53869840,138.69,5/6/18 7:39,12.48,8
53873132,37.95,5/6/18 11:25,2.19,8
53873147,38.38,5/6/18 11:28,7.29,22
53875324,67.36,5/6/18 13:53,2.36,8
53875622,40.95,5/6/18 13:54,2.84,8
53875661,65.6,5/6/18 13:58,3.72,8
53876265,32.8,5/6/18 14:36,1.92,8
53876976,77.5,5/6/18 15:56,4.39,8
53877637,131.2,5/6/18 16:09,8.62,8
53878083,29.74,5/6/18 16:46,3.79,4
53879147,113.85,5/6/18 17:37,6.87,8
53879881,71.9,5/6/18 18:21,4.34,8
53880089,15.35,5/6/18 18:42,2.19,8
53880581,22.38,5/6/18 18:47,2.01,22
53881170,28.79,5/6/18 19:23,3.28,8
53881374,186.96,5/6/18 19:53,16.83,8
53881989,15.35,5/6/18 20:08,2.07,8
53882056,37.95,5/6/18 20:20,2.63,8
53882108,58.52,5/6/18 20:27,7.12,8
53883365,37.35,5/6/18 21:51,2.55,8
53887601,37.95,5/7/18 5:19,2.56,8
53889233,70.15,5/7/18 12:28,4.92,8
53889869,93.8,5/10/18 22:04,6.58,8
53894227,102.95,5/7/18 8:38,5.84,8
53894312,74.78,5/7/18 8:38,2.62,8
53895946,74.78,5/7/18 10:32,2.62,4
53896046,37.95,5/7/18 10:25,2.39,8
53896219,15.35,5/7/18 10:39,2.27,8
53896326,10.55,5/7/18 10:51,1.52,8
53897230,28.79,5/7/18 11:43,4.05,8
53898084,32.8,5/7/18 13:11,2.95,22
53898444,143.8,5/7/18 12:53,8.93,8
53899739,75.9,5/7/18 14:19,4.99,8
53899910,37.95,5/7/18 15:23,2.53,8
53900307,25.9,5/7/18 14:59,3.15,8
53900729,37.95,5/7/18 15:09,2.05,8
53901311,16.9,5/7/18 15:54,0.59,0
53901460,23.03,5/14/18 19:23,3.02,4
53902110,37.95,5/7/18 16:37,2.39,8
53903024,15.35,5/7/18 17:27,1.92,8
53903229,37.95,5/7/18 17:42,2.53,8
53903371,29.75,5/7/18 17:50,5.65,22
53903931,59.99,5/7/18 18:51,11.4,8
53904779,30.7,5/7/18 19:17,4.43,8
53905313,23.98,5/7/18 19:45,2.96,8
53905718,71.9,5/7/18 20:06,4.34,8
53905781,44.14,5/7/18 20:13,5.54,8
53905821,77.5,5/7/18 20:17,4.88,4
53912062,15.35,5/8/18 4:43,1.9,8
53912975,36.9,5/8/18 6:21,2.23,8
53913085,67.9,5/8/18 6:15,3.67,3
53919063,26.84,5/8/18 12:51,3.57,4
53921760,37,5/8/18 15:28,1.3,0
53922222,75.9,5/8/18 17:10,5.4,4
53923578,75.9,5/8/18 17:23,6.83,22
53924040,15.35,5/8/18 17:53,1.78,8
53925364,37.95,5/8/18 19:01,2.12,8
53928274,75.9,5/8/18 22:26,4.44,8
53931622,25.19,5/9/18 18:23,0,8
53933046,49.89,5/9/18 7:39,6.82,8
53933973,306.45,5/9/18 7:55,19.31,7
53938009,67.9,5/9/18 11:34,3.91,8
53938478,111.7,5/9/18 12:02,7.74,8
53939326,23.02,5/9/18 12:59,3.41,8
53939544,179,5/9/18 13:21,11.28,8
53941263,255.65,5/9/18 14:51,17.49,8
53941528,217.85,5/9/18 15:15,13.72,15
53941735,21.73,5/9/18 15:12,4.13,8
53942112,23.98,5/9/18 16:03,3.33,8
53942256,101.85,5/9/18 15:49,6.32,16
53943135,101.85,5/9/18 16:43,6.23,4
53945090,29.74,5/9/18 19:05,3.45,8
53945559,177.75,5/9/18 19:13,11.2,8
53946946,28.98,5/9/18 20:40,2.61,8
53952912,232,5/10/18 6:14,8.12,0
53955098,123.85,5/10/18 9:20,4.33,0
53956235,35.48,5/10/18 10:45,5.19,8
53956433,101.85,5/10/18 10:48,6.69,8
53957236,33.95,5/10/18 11:50,2.41,8
53959684,33.35,5/10/18 14:37,3,8
53960600,75.9,5/16/18 12:54,4.3,8
53960873,37.95,5/10/18 16:14,3.42,22
53969543,32,5/11/18 5:03,2.88,8
53970034,113.85,5/11/18 6:01,7.38,8
53970460,20.13,5/11/18 6:32,2.87,8
53971805,10.9,5/11/18 8:26,0.71,8
53973010,36.9,5/11/18 9:40,1.29,5
53973292,33.99,5/11/18 10:05,2.42,8
53974639,37.95,5/11/18 11:44,2.63,8
53975496,49.88,5/11/18 12:54,6.54,8
53975519,75.9,5/11/18 12:54,5.4,8
53975856,240.85,5/11/18 13:13,8.43,0
53976106,33.95,5/11/18 13:39,1.83,8
53976596,88,5/11/18 14:08,6.02,8
53978622,53.19,5/11/18 15:48,6.91,4
53980805,23.99,5/11/18 18:29,2.16,8
53982737,33.95,5/11/18 21:01,1.86,4
53985293,37.95,5/11/18 23:49,2.36,8
53987710,15.35,5/12/18 5:17,1.81,8
53988234,274,5/14/18 6:33,26.91,4
53989483,27.83,5/12/18 8:18,5.29,22
53990052,37.95,5/12/18 8:59,2.19,8
53993039,29.37,5/12/18 12:41,1.03,8
53993806,75.9,5/12/18 13:44,5.33,8
53993838,96.32,5/12/18 13:41,9.53,3
53997015,37.95,5/12/18 17:20,2.56,4
53997548,31.8,5/12/18 18:06,2.06,8
53998470,53.99,5/12/18 19:04,3.6,8
54005426,51.81,5/13/18 6:29,7.58,8
54005580,62.38,5/13/18 6:24,8.06,8
54005668,23.99,5/13/18 6:26,2.87,8
54006571,37.95,5/13/18 7:57,2.05,8
54006862,37.95,5/13/18 14:16,2.49,8
54008167,37.95,5/13/18 9:51,2.12,8
54008680,183.96,5/13/18 10:34,16.56,8
54012718,9.4,5/13/18 15:21,2.82,8
54014527,36.46,5/13/18 17:20,5.2,8
54018822,32.62,5/13/18 21:11,4.4,8
54022947,12,5/14/18 5:23,0.65,8
54023926,239.33,5/14/18 6:35,23.67,4
54026532,37.95,5/14/18 7:24,2.56,8
54026857,17.96,5/14/18 7:38,1.62,8
54027754,24.89,5/14/18 8:44,0.87,8
54028145,26.86,5/16/18 18:10,3.47,8
54028981,256.85,5/14/18 10:15,16.88,8
54029294,36.9,5/14/18 10:34,2.29,8
54029307,23.99,5/14/18 10:35,3.56,8
54029875,139.8,5/14/18 11:05,9.18,8
54033156,11.66,5/14/18 13:36,2.73,3
54033354,37.95,5/14/18 13:45,2.66,8
54035020,28.79,5/14/18 15:39,4.05,8
54035212,37.95,5/14/18 15:51,2.66,8
54035432,27.82,5/14/18 16:04,3.75,8
54037945,101.45,5/14/18 18:34,6.85,8
54038492,354.6,5/14/18 19:54,19.15,8
54039462,28.51,5/14/18 20:14,1.89,8
54039800,33.95,5/14/18 20:37,1.89,3
54042275,28.78,5/14/18 23:00,3.55,8
54044585,139.8,5/15/18 4:02,9.18,3
54046753,33.95,5/15/18 7:15,2.05,8
54046814,32.99,5/15/18 7:19,2.97,8
54047697,222,5/15/18 7:50,13.99,8
54048913,139.8,5/15/18 9:22,8.05,8
54049768,17.27,5/15/18 10:15,2.4,8
54055072,67.9,5/16/18 11:17,4.77,8
54056270,15.35,5/15/18 16:42,2.1,8
54057714,116,5/15/18 18:01,7.93,8
54057724,139.4,5/15/18 18:08,9.28,8
54057757,26.14,5/15/18 18:17,1.81,8
54059387,67.9,5/15/18 19:44,3.85,8
54059603,17.27,5/15/18 20:03,2.3,8
54064373,25.19,5/15/18 23:11,0,0
54065480,17.27,5/16/18 1:28,2,16
54070384,15.35,5/16/18 9:18,2.25,8
54072107,53.8,5/16/18 11:40,3.53,15
54075186,23.99,5/16/18 14:56,3.33,8
54075267,13.99,5/18/18 10:47,3.28,4
54076664,29.74,5/17/18 5:05,4.29,8
54080554,101.85,5/16/18 20:25,5.77,8
54081002,285.75,5/16/18 20:47,20.32,4
54082962,113.85,5/16/18 21:45,7.48,8
54083733,67.9,5/16/18 22:49,3.97,8
54085982,61.79,5/18/18 22:46,6.11,22
54086360,22.06,5/17/18 4:23,2.64,8
54090036,80.68,5/17/18 9:52,7.26,8
54090070,49.99,5/17/18 8:31,9.5,8
54094143,22.06,5/17/18 13:06,3.1,8
54094394,110.85,5/17/18 13:22,7.38,8
54097458,213.3,5/17/18 16:38,13.05,8
54097575,15.35,5/18/18 16:57,2.27,8
54097824,68.8,5/17/18 17:03,2.41,0
54098801,116,5/17/18 18:09,6.99,16
54100197,61.42,5/17/18 20:01,7.12,8
54100360,13.53,5/17/18 19:40,0.93,8
54100372,10.55,5/17/18 19:40,0.95,8
54102824,106.35,5/17/18 22:59,6.03,8
54105094,22.28,5/18/18 4:30,2.01,8
54106698,151.8,5/18/18 8:37,8.74,8
54106916,71.9,5/18/18 7:28,4.98,8
54107302,182.1,5/18/18 8:04,10.98,8
54107365,24.95,5/18/18 8:04,0.87,16
54110491,28,5/18/18 11:55,1.69,8
54110886,33.99,5/18/18 12:25,1.84,8
54116956,211.7,5/18/18 19:54,14.48,8
54123740,92.1,5/19/18 7:54,11.9,8
54123808,37.4,5/19/18 7:59,2.02,8
54123906,28.79,5/19/18 8:09,3.77,8
54123987,44.14,5/19/18 8:13,5.54,8
54124071,17.27,5/19/18 8:19,2.3,8
54125164,15.35,5/19/18 9:42,1.75,8
54126466,57.03,5/19/18 11:12,3.49,8
54127119,71.9,5/19/18 12:48,4.46,8
54128104,70.05,5/19/18 13:22,4.03,8
54133514,44.14,5/19/18 19:57,5.45,8
54138074,24.94,5/20/18 4:13,3.41,8
54139643,106.35,5/20/18 11:16,7.37,8
54139673,274,5/22/18 4:34,26.91,3
54141469,71.9,5/21/18 10:37,4.72,8
54142100,47,5/20/18 10:07,3.34,8
54142147,40.8,5/20/18 10:24,1.43,0
54144537,74.7,5/20/18 12:57,4.17,8
54146170,44,5/20/18 14:44,2.93,8
54151406,102.75,5/20/18 20:18,6.38,8
54155371,19.18,5/21/18 15:48,2.55,8
54155652,36.47,5/21/18 3:42,1.28,0
54156213,37.95,5/21/18 7:32,2.46,8
54158852,47.95,5/21/18 9:02,5.92,3
54158915,36.47,5/21/18 9:14,2.4,8
54158933,109.41,5/21/18 8:52,5.91,4
54160539,36.47,5/21/18 10:39,2.13,8
54161782,36.47,5/21/18 11:43,3.28,22
54162473,23.98,5/21/18 12:35,3.6,8
54164385,211.12,5/21/18 14:27,20.88,4
54164948,23.02,5/21/18 15:08,3.06,8
54165403,570.5,5/21/18 15:55,31.66,8
54166507,113.85,5/22/18 15:21,7.48,8
54168383,16.9,5/21/18 19:08,1.08,8
54168669,242.85,5/21/18 19:22,13.77,4
54169567,15.35,5/21/18 20:09,1.92,8
54169716,23.99,5/21/18 21:08,4.56,22
54169736,37.4,5/21/18 20:24,2.42,8
54173097,32.99,5/22/18 0:26,1.96,8
54173115,28.98,5/22/18 0:26,1.64,8
54174452,9.59,5/22/18 4:36,1.18,8
54174763,202.02,5/22/18 4:38,19.98,3
54174785,202.02,5/22/18 4:40,19.98,3
54178717,37.95,5/22/18 8:34,2.19,8
54182320,173.75,5/22/18 10:59,12.2,8
54182420,22.28,5/22/18 11:03,2.01,8
54182760,77.5,5/22/18 11:25,4.6,4
54185218,15.35,5/22/18 14:28,2.22,8
54185446,11.98,5/22/18 14:28,1.56,8
54186105,37.35,5/22/18 15:18,2.42,8
54186821,39.33,5/22/18 16:05,5.08,8
54186861,107.4,6/18/18 16:54,7.06,4
54187595,102.61,5/22/18 16:55,12.09,8
54188743,32.3,5/22/18 18:11,3.2,3
54188882,33.5,5/22/18 18:17,2.17,8
54190425,4.95,5/22/18 19:58,0.5,8
54196515,15.35,5/23/18 5:49,2.16,8
54196747,23.98,5/23/18 6:03,2.73,8
54196932,34.55,5/23/18 6:26,4.4,8
54197394,15.9,5/23/18 7:04,0.96,8
54200230,14,5/23/18 8:12,1.22,8
54200522,26.84,5/23/18 8:34,3.62,8
54200948,36.9,5/23/18 9:15,2.36,8
54201480,61.4,5/23/18 9:48,7.47,8
54203232,37.3,5/23/18 11:48,3.36,22
54203984,28.51,5/23/18 12:18,1.84,8
54205789,76.5,5/23/18 13:41,4.2,8
54207946,25.9,5/23/18 16:09,0.91,6
54209237,41.26,5/23/18 17:32,1.44,0
54209439,112.05,5/23/18 17:45,6.35,16
54214143,44,5/24/18 0:36,2.77,8
54215602,67.8,5/24/18 4:21,4.39,8
54215930,23.99,5/24/18 5:05,3.1,8
54217121,9.59,5/24/18 7:02,1.37,8
54217289,9.59,5/24/18 7:12,1.11,8
54219139,15.35,5/24/18 9:41,2.07,8
54219330,33.9,5/31/18 11:00,1.89,8
54219732,10.55,5/24/18 10:26,1.46,8
54219799,38.25,5/24/18 10:30,2.38,8
54220620,33.99,5/24/18 11:30,1.84,8
54224275,26.82,5/26/18 16:11,2.5,8
54226117,27.9,5/24/18 17:55,1.71,4
54227501,91.8,5/24/18 20:17,8.26,22
54232750,99.56,5/25/18 4:46,9.85,4
54235729,12.47,5/25/18 8:00,1.8,8
54235855,9.59,5/25/18 8:08,1.2,8
54237241,24.94,5/25/18 9:55,3.55,8
54239981,28.79,5/25/18 13:31,4.32,8
54240331,9.59,5/25/18 13:55,1.33,8
54241504,25.9,5/31/18 19:42,3.35,8
54242275,36.47,5/25/18 16:18,2.43,8
54243083,26.86,5/25/18 17:24,3.27,8
54243832,38.25,5/25/18 18:24,2.13,8
54244763,101.7,5/25/18 19:39,6.96,8
54244803,78,5/25/18 19:36,4.42,8
54250964,9.59,5/26/18 1:24,1.35,8
54252222,17.91,5/26/18 5:21,1.08,8
54252849,21.1,5/26/18 5:38,2.69,8
54252993,44,5/26/18 8:44,3.96,8
54253541,12.47,5/26/18 6:44,1.66,8
54254610,76.5,5/26/18 8:09,4.2,8
54255122,12.47,5/26/18 11:09,1.66,8
54255246,44,5/26/18 8:50,3.96,22
54255498,38.38,5/27/18 6:15,5.61,8
54256119,15.35,5/26/18 9:57,1.95,8
54256622,23.5,5/26/18 11:09,2.12,8
54256768,32.7,5/26/18 10:40,2.27,8
54259368,11.51,6/3/18 7:55,1.68,8
54260028,44.97,5/26/18 15:05,5.85,8
54260426,70.05,5/26/18 15:08,6.3,22
54261556,31.59,5/26/18 16:16,1.98,3
54263454,56.96,5/26/18 18:23,5.13,22
54263906,10.55,5/26/18 18:58,1.54,8
54264725,15.35,5/26/18 19:54,2.27,8
54266192,15.35,5/26/18 21:25,2.04,4
54266376,33.99,5/26/18 21:47,1.87,8
54266401,44,5/26/18 22:13,2.69,8
54266517,38.25,5/26/18 21:59,3.44,22
54266617,14,5/26/18 22:15,1.11,8
54269597,23.99,5/27/18 4:34,3.24,8
54276013,299,5/27/18 18:42,20.72,4
54276179,102.75,5/27/18 10:47,6.29,8
54276543,89.25,5/27/18 11:53,10.85,16
54276999,20.13,5/27/18 11:46,2.33,4
54285786,59.51,5/27/18 18:31,5.89,3
54288229,143.8,5/27/18 21:38,8.67,8
54291920,253.7,5/28/18 2:56,14.38,8
54293608,22.06,5/28/18 6:53,3.02,8
54294410,23.99,5/28/18 7:35,3.37,4
54294880,47.98,5/28/18 15:21,5.74,8
54296026,22.06,5/28/18 9:31,2.51,8
54298684,109.9,5/28/18 11:48,3.85,0
54300944,22.06,5/28/18 12:20,3.02,8
54302771,15.35,5/28/18 12:38,1.92,3
54303943,28.51,5/28/18 13:48,2.42,8
54305794,23.99,5/28/18 14:47,3.37,8
54306259,17.99,5/28/18 15:16,0.63,0
54308449,14.39,5/28/18 17:55,1.86,8
54311334,26.9,5/28/18 21:24,2.42,8
54317216,109.9,5/29/18 9:27,7.02,4
54317510,33.9,5/29/18 8:41,2.01,8
54322596,148.35,5/29/18 14:10,10.55,8
54324068,76.5,5/29/18 15:26,4.2,8
54324503,37.35,5/29/18 15:53,2.32,8
54325135,106.25,5/29/18 16:55,6.5,8
54325176,37.35,5/29/18 16:44,3.36,22
54326699,16.75,5/29/18 18:36,1.42,3
54334982,67.8,6/15/18 4:46,4.52,8
54336540,15.24,5/30/18 5:54,0.53,0
54336610,15.35,5/30/18 5:54,2.19,16
54339364,67.85,5/30/18 9:51,4.27,8
54340543,38.25,5/30/18 11:23,2.17,16
54341815,444,5/30/18 12:32,27.97,8
54342387,33.9,5/30/18 13:07,2.26,8
54342397,37.4,5/30/18 13:25,2.59,4
54343334,15.35,5/30/18 14:24,2.13,8
54344970,38.25,5/30/18 16:24,2.72,8
54345199,62.37,5/30/18 16:45,7.23,8
54345505,33.59,5/30/18 16:54,4.47,8
54345656,23.98,5/30/18 17:11,3.55,8
54345813,37.35,5/30/18 17:24,2.39,8
54347274,32,5/31/18 4:03,2.88,4
54347605,98.1,5/30/18 19:11,5.83,8
54347836,76.5,5/30/18 19:26,5.3,8
54352280,292.95,5/31/18 4:17,20.83,8
54352300,55.86,5/31/18 4:26,4.74,8
54353181,37.35,5/31/18 5:55,2.05,8
54353576,339,5/31/18 6:36,18.92,8
54353761,37.35,5/31/18 6:49,2.18,8
54353780,38.25,5/31/18 6:49,2.72,8
54354532,28.79,5/31/18 7:56,3.39,8
54354677,101.7,5/31/18 8:05,6.96,8
54355156,38.5,5/31/18 9:34,3.47,8
54355189,27.21,5/31/18 14:05,6.38,4
54355269,14.39,5/31/18 8:58,2.16,8
54355572,15.9,5/31/18 9:22,1.43,8
54356373,15.35,5/31/18 10:22,2.16,8
54356684,42.9,5/31/18 10:41,3.86,4
54357096,37.35,5/31/18 11:20,2.05,8
54357612,28.79,5/31/18 11:57,3.94,8
54358729,24.94,5/31/18 13:30,3.7,8
54359937,24.94,5/31/18 15:06,3.51,8
54360725,38.25,5/31/18 16:09,2.17,8
54360901,125,5/31/18 16:44,7.09,8
54360995,22.06,5/31/18 16:42,2.64,8
54361528,38.25,5/31/18 18:32,2.13,8
54361636,32.63,5/31/18 17:51,4.59,15
54361745,74.7,5/31/18 17:48,6.72,22
54362121,63.34,5/31/18 17:59,7.22,8
54362436,8.44,5/31/18 18:21,0.94,8
54362636,32.7,5/31/18 18:55,2,8
54363571,34.53,5/31/18 20:05,4.07,8
54364760,8.5,5/31/18 23:54,0.53,8
54367034,29.76,6/1/18 0:40,2.94,3
54367506,66.22,6/1/18 2:02,9.44,16
54367884,37.35,6/1/18 3:03,2.02,8
54368653,21.77,6/1/18 5:00,1.96,8
54369533,109.9,6/1/18 14:56,7.42,8
54369998,17.26,6/1/18 7:02,2.23,8
54371339,31.87,6/1/18 8:33,7.47,3
54372424,109.9,6/1/18 9:49,3.85,2
54372510,20.14,6/1/18 9:53,2.87,8
54372892,33.59,6/1/18 10:24,4.53,8
54373125,9.59,6/1/18 10:37,1.29,16
54373875,32.63,6/1/18 10:57,4.9,3
54378501,65.4,6/1/18 12:17,4.24,4
54381048,177.45,6/2/18 18:11,10.54,8
54382069,76.7,6/1/18 15:21,4.9,8
54383194,143.8,6/1/18 16:43,8.67,8
54385282,109.9,6/1/18 20:43,6.33,8
54385405,42.21,6/1/18 20:21,5.53,8
54385920,15.35,6/1/18 20:52,1.81,8
54386192,922.4,6/10/18 21:48,41.89,4
54386323,28.79,6/1/18 21:24,4.27,8
54390497,47.27,6/2/18 4:50,4.25,22
54390604,14.39,6/2/18 5:00,0.5,0
54391145,20.13,6/2/18 5:57,2.91,8
54392576,6.71,6/2/18 8:10,0.83,8
54393622,23.98,6/2/18 9:57,3.23,8
54395655,14.39,6/2/18 11:36,2.08,3
54396179,38.25,6/2/18 12:20,2.34,8
54396479,23.03,6/15/18 15:28,2.63,8
54397023,35.48,6/2/18 13:40,4.04,3
54397680,107.4,6/3/18 19:24,6.86,8
54398060,9.59,6/2/18 15:28,1.2,8
54398448,32.7,6/2/18 15:29,1.91,8
54398980,23.98,6/2/18 20:36,2.73,8
54399130,57.58,6/2/18 16:22,8.31,8
54401177,22.06,6/2/18 19:16,2.81,8
54402827,11.55,6/2/18 22:13,0.98,8
54403111,39.31,6/2/18 23:00,5.68,8
54404895,30.45,6/4/18 6:36,2.06,8
54405412,72.2,6/3/18 6:28,4.22,8
54407417,11.51,6/3/18 9:44,1.6,8
54409105,34.54,6/3/18 12:19,6.56,22
54409333,74.7,6/3/18 12:17,4.17,8
54415312,33.9,6/3/18 19:58,1.98,8
54424396,72.15,6/4/18 7:45,4.42,8
54430187,12.99,6/4/18 12:22,0.5,8
54432772,76.5,6/4/18 14:26,5.37,8
54433117,139.8,6/5/18 11:40,4.89,6
54435388,33.9,6/4/18 16:16,2.35,8
54436460,109.9,6/4/18 17:24,6.63,8
54439229,32.7,6/4/18 19:08,2.32,8
54439679,329.7,6/4/18 19:54,19.88,8
54440237,43.06,6/4/18 19:56,4.94,4
54441307,34.81,6/4/18 20:34,3.44,3
54448715,34.98,6/5/18 3:21,4.55,3
54453203,38.25,6/5/18 10:09,2.24,8
54455740,67.85,6/5/18 9:36,3.66,8
54456843,54.6,6/5/18 10:33,4.91,8
54458272,37.35,6/5/18 11:27,2.08,8
54459200,87.6,6/5/18 12:08,4.89,8
54461289,37.35,6/5/18 13:45,2.66,8
54464856,210.4,6/5/18 16:33,13.26,8
54466259,314.9,6/5/18 17:41,17.85,8
54466606,32.7,6/5/18 17:41,1.8,8
54467455,37.35,6/5/18 18:14,2.42,3
54480032,56.31,6/6/18 6:14,5.57,3
54482941,38.25,6/6/18 8:30,3.44,22
54490723,38.25,6/6/18 14:21,2.17,8
54503646,76.5,6/7/18 0:00,4.2,8
54511221,39.11,6/7/18 7:00,3.32,8
54511380,14.99,6/7/18 7:00,1.95,8
54516451,37.35,6/7/18 11:10,2.25,4
54516752,149.4,6/7/18 11:24,8.87,4
54522775,109.41,6/7/18 16:02,9.85,4
54523263,140.1,6/7/18 16:25,9.58,8
54523534,37.35,6/7/18 16:40,2.49,8
54525700,38.25,6/7/18 18:19,2.24,8
54526068,38.25,6/7/18 18:35,2.31,8
54529760,42,6/7/18 21:02,3.78,8
54532253,36.9,6/7/18 22:54,3.32,8
54539024,38.25,6/8/18 6:27,2.17,8
54539331,37.35,6/8/18 6:51,2.12,8
54540775,25.99,6/8/18 8:44,0.91,8
54543462,39,6/8/18 10:16,3.9,8
54544122,30.8,6/8/18 10:51,2.77,8
54544198,38.25,6/8/18 10:45,2.17,8
54545076,44.9,6/8/18 11:40,4.04,8
54549557,33.9,6/8/18 15:13,1.89,4
54549587,110.97,6/8/18 15:13,9.99,4
54549606,37.35,6/8/18 15:13,2.42,4
54554680,109.9,6/8/18 19:16,6.53,8
54554802,34.81,6/10/18 17:06,3.44,8
54555235,70.05,6/8/18 19:46,4.85,8
54566504,135.45,6/20/18 14:05,8.78,8
54568016,37.95,6/9/18 10:53,3.22,8
54568917,37.35,6/9/18 8:00,2.12,8
54568975,32.7,6/9/18 8:07,1.91,8
54569841,38.69,6/9/18 9:10,5.03,8
54572134,37.35,6/9/18 11:50,2.22,8
54574230,74.7,6/9/18 14:17,4.91,8
54574648,101.7,6/9/18 14:37,5.86,8
54575255,70.05,6/9/18 15:16,4.98,8
54575339,38.25,6/14/18 5:51,2.65,8
54577611,109.9,6/9/18 17:55,3.85,0
54579267,71.9,6/9/18 19:54,6.47,8
54579723,16.81,6/9/18 20:24,2.19,8
54580490,76.5,6/9/18 21:29,4.89,8
54580550,25.99,6/19/18 22:29,0.91,8
54587013,211.6,6/10/18 7:03,11.62,8
54589790,28,6/10/18 9:54,1.66,8
54590097,37.35,6/10/18 10:10,2.18,8
54590350,24.8,6/10/18 10:28,2.23,4
54595840,21.63,6/10/18 15:21,0.76,4
54597865,33.9,6/10/18 17:20,2.32,8
54598765,33.9,6/10/18 18:20,1.95,8
54598864,45.99,6/10/18 18:20,4.14,8
54599324,29.98,6/10/18 18:47,3.9,8
54601462,56.9,6/10/18 21:15,5.12,8
54606013,68.8,6/11/18 5:15,6.19,22
54606552,37.35,6/11/18 6:06,2.25,8
54612362,67.8,6/11/18 12:49,4.33,8
54614315,32.7,6/11/18 14:51,2,4
54615510,37.35,6/11/18 16:06,2.25,8
54617729,52.8,6/16/18 18:24,4.75,8
54618057,16.9,6/11/18 19:22,1.52,8
54618096,11.98,6/11/18 19:22,1.56,8
54618525,222,6/11/18 19:15,14.39,16
54620174,73.52,6/11/18 20:58,2.57,8
54629048,36.76,6/12/18 10:19,1.29,8
54633188,16.9,6/12/18 18:03,1.52,8
54634182,26.9,6/12/18 19:07,2.42,8
54634198,26.9,6/12/18 19:01,2.42,8
54634716,19.99,6/12/18 19:35,0.7,0
54639379,40.49,6/12/18 22:32,1.42,4
54639810,33,6/12/18 22:41,2.97,8
54646025,102.75,6/13/18 19:21,5.64,4
54648906,33.6,6/13/18 11:36,2.85,8
54650830,36,6/13/18 13:27,4.68,8
54652115,273,6/13/18 14:40,35.49,22
54652973,38.25,6/13/18 15:44,2.65,8
54654159,49.99,6/13/18 16:46,9.5,8
54655806,311.15,6/13/18 18:38,30.25,4
54655823,42.9,6/13/18 18:39,0,27
54658776,15.9,6/13/18 21:48,1.43,8
54666123,51.8,6/14/18 8:35,4.66,22
54666621,32,6/14/18 9:14,1.12,0
54667276,23.99,6/14/18 9:43,2.78,4
54668020,187.75,6/14/18 10:30,16.9,22
54668291,17.36,6/14/18 10:56,0.61,3
54668845,37.42,6/21/18 5:53,5.47,4
54668993,15.9,6/14/18 11:39,1.43,8
54669234,24.89,6/14/18 11:55,0.87,0
54673444,23.03,6/14/18 16:46,3.06,4
54675979,98.1,6/14/18 19:45,5.56,8
54675988,36.9,6/14/18 19:51,3.32,8
54677626,100.01,6/14/18 21:49,9.89,4
54683865,13.99,6/15/18 6:16,0.98,8
54691305,38.25,6/15/18 15:11,2.31,8
54692569,37.7,6/15/18 15:49,2.38,8
54697514,36.9,6/15/18 19:36,1.29,2
54698511,109.9,6/15/18 19:57,9.89,22
54698513,32.7,6/15/18 19:57,2.94,22
54703415,144.6,6/15/18 23:25,13.01,8
54703714,36.9,6/15/18 23:20,3.32,3
54708216,72.15,6/16/18 7:36,5,8
54713708,48.96,6/16/18 12:53,11.49,0
54715734,37.35,6/16/18 14:06,1.31,0
54718317,72.15,6/16/18 17:07,4.35,8
54719289,8.4,6/16/18 18:12,0.62,3
54726341,15.35,6/17/18 5:31,2.04,8
54726409,112.05,6/17/18 5:36,6.25,8
54727679,74.7,6/17/18 7:59,4.64,8
54728427,74.94,6/17/18 9:31,6.36,22
54729449,9.59,6/17/18 10:25,1.44,8
54734153,65.4,6/17/18 15:34,2.29,0
54734190,66.6,6/17/18 15:34,2.33,0
54734357,37.4,6/17/18 15:52,5.26,8
54735104,195.47,6/17/18 16:56,19.33,3
54735293,31.8,6/17/18 17:07,2.86,8
54736077,21.1,6/17/18 17:58,2.77,8
54736247,15.35,6/17/18 18:04,1.92,8
54736657,46.99,6/18/18 9:14,5.8,8
54745890,15.35,6/19/18 15:15,2.3,8
54747201,37.35,6/18/18 10:30,2.52,4
54747245,67.8,6/18/18 10:32,4.76,7
54747387,11.51,6/18/18 10:40,1.4,8
54747994,9.59,6/18/18 11:23,1.29,8
54752240,17.27,6/18/18 15:54,2.23,8
54753711,36.9,6/18/18 17:57,3.32,8
54754376,38.25,6/18/18 18:59,2.1,8
54755481,26.9,6/18/18 19:41,2.42,8
54758431,15.35,6/18/18 20:11,2.3,8
54758621,17,6/18/18 20:42,1.06,3
54766734,64.29,6/19/18 7:27,8.79,3
54767271,23.02,6/19/18 18:57,2.89,8
54767307,35.59,6/21/18 8:46,3.32,4
54767949,15.35,6/19/18 8:55,2.19,3
54768535,21.1,6/19/18 9:52,2.57,8
54768757,43.14,6/19/18 15:52,5,8
54770288,70.05,6/19/18 11:48,2.45,0
54770516,23.03,6/19/18 15:14,3.41,4
54770606,65.4,6/19/18 12:08,3.71,8
54770802,28.95,6/19/18 12:22,2.06,8
54773076,31.65,6/19/18 15:27,3.79,8
54774824,36.9,6/19/18 17:11,3.32,4
54777347,66.6,6/19/18 20:12,4.2,16
54780051,15.35,6/19/18 21:41,2.27,8
54780509,13.43,6/19/18 22:26,1.74,8
54784454,37.35,6/20/18 6:49,2.49,8
54785215,22.99,6/20/18 7:38,2.07,4
54786956,33.3,6/20/18 9:34,2.19,16
54790663,10.9,6/20/18 12:50,0.98,8
54790716,29.74,6/20/18 13:03,3.96,8
54793157,32.5,6/20/18 15:49,1.9,8
54793341,23.98,6/20/18 16:07,3.19,8
54794925,35.49,6/20/18 17:50,4.52,8
54795543,22.06,6/20/18 18:26,3.06,8
54800798,20.99,6/21/18 3:08,4.92,0
54802580,62.55,6/21/18 6:32,0,8
54803668,68.8,6/21/18 13:33,6.19,4
54806949,26.9,6/21/18 12:18,2.42,8
54811833,37.35,6/21/18 18:03,2.35,8
54812789,104.3,6/21/18 19:29,6.01,8
54813259,32.5,6/21/18 19:59,2.25,8
54815584,12.19,6/21/18 23:55,0.5,6
54815587,29.13,6/21/18 23:55,1.02,6
54816217,71.9,6/22/18 1:28,6.47,8
54817068,84,6/22/18 13:14,7.53,4
54819859,109.9,6/22/18 8:36,6.43,8
54820802,38.25,6/22/18 9:49,2.69,8
54821368,43.8,6/22/18 10:33,3.94,8
54821663,110,6/22/18 12:12,6.04,8
54822944,36.9,6/22/18 12:26,3.32,8
54829862,11.51,6/22/18 20:11,1.36,4
54833646,38.38,6/23/18 0:13,5.61,8
54837165,110,6/28/18 5:33,7.13,8
54837224,84,6/28/18 6:09,7.75,8
54838105,51.8,6/23/18 7:26,4.66,8
54838148,22,6/23/18 7:11,1.92,8
54839398,130,6/23/18 8:48,8.19,8
54841426,23.32,6/23/18 11:18,5.47,3
54842007,207.5,6/23/18 11:59,13.45,8
54842725,25.9,6/23/18 12:46,3.59,8
54842962,9.59,6/23/18 12:54,1.18,8
54843950,32.26,6/23/18 14:07,2.18,8
54844658,36.9,6/23/18 15:09,3.32,8
54846200,36.9,6/23/18 17:07,3.32,8
54846800,15.35,6/23/18 17:23,1.9,8
54847701,19.18,6/23/18 17:59,2.33,8
54848803,32,6/23/18 18:24,2.88,4
54850485,15.35,6/23/18 20:04,2.3,8
54851368,33.3,6/23/18 21:07,3,22
54851899,100.01,6/23/18 21:26,9.89,3
54858745,77.58,6/24/18 7:31,6.98,8
54858754,23.98,6/24/18 7:44,3.51,8
54859330,23.03,6/26/18 7:31,2.76,8
54859365,37.7,6/24/18 8:18,2.65,8
54860422,26.9,6/24/18 9:53,2.42,8
54860954,15.35,6/24/18 10:17,1.98,8
54861204,32.7,6/24/18 10:31,1.77,4
54861343,65,6/24/18 10:38,3.92,8
54862841,15.35,6/24/18 12:18,1.87,8
54862904,41.99,6/24/18 12:26,3.78,8
54863452,28.78,6/24/18 12:57,3.83,4
54867587,16.68,6/24/18 17:15,2.17,8
54868254,28.79,6/24/18 17:56,4.1,8
54869942,15.9,6/24/18 19:32,1.43,8
54870534,13.99,6/24/18 20:12,3.28,3
54872700,15.35,6/24/18 21:56,1.84,8
54875949,62.38,6/25/18 0:30,9.01,8
54880807,106.5,6/25/18 7:54,6.52,8
54882176,36.9,6/25/18 9:33,3.32,4
54883661,32.7,6/25/18 11:23,1.88,8
54883707,34.99,6/25/18 11:26,6.65,22
54884534,65.4,6/25/18 12:23,5.89,22
54886847,16.9,6/25/18 15:13,0.59,0
54887163,32.5,6/25/18 15:33,2.05,8
54887192,33.3,6/25/18 15:35,2.04,3
54887369,19.78,6/25/18 15:47,1.78,8
54888185,99.9,6/25/18 16:31,5.66,8
54891621,16.3,6/26/18 12:54,2.2,8
54892016,27.83,6/25/18 20:30,3.65,8
54893291,70.75,6/25/18 22:05,4.08,8
54893728,22,6/25/18 22:41,1.35,8
54894104,15.7,6/25/18 23:29,1.16,8
54897274,38.25,6/26/18 6:17,2.72,8
54899530,37.35,6/26/18 9:21,2.62,8
54901091,32.5,6/26/18 11:24,1.78,8
54903517,11.51,6/26/18 13:12,1.62,4
54904469,38.8,6/26/18 14:12,3.49,22
54905314,46.04,6/26/18 14:39,6.12,8
54907108,28.79,6/26/18 17:00,4.05,8
54909944,11.51,6/26/18 19:51,1.47,8
54909946,15.35,6/26/18 19:48,2.3,8
54918728,84.15,6/28/18 7:45,10.94,4
54921405,34.14,6/27/18 13:11,2.35,8
54927260,38.69,6/27/18 19:45,1.35,0
54928321,37,6/27/18 21:09,3.33,8
54929543,10.55,6/27/18 22:57,1.56,4
54929608,16.9,6/27/18 23:24,1.52,8
54931865,138.2,6/30/18 15:47,19.69,4
54934731,60.1,6/28/18 8:37,5.1,3
54936131,25.8,6/28/18 10:26,2.32,8
54936865,95.96,6/28/18 11:25,11.3,8
54942379,37,6/29/18 0:54,3.33,4
54948506,19.9,6/28/18 19:51,1.79,8
54949185,17.91,6/28/18 20:06,1.52,8
54949943,15.35,6/28/18 20:51,1.95,8
54949989,16.19,6/28/18 20:51,2.1,8
54957123,26.9,6/29/18 6:23,2.42,8
54957692,45.99,6/29/18 7:07,1.61,0
54960416,61.42,6/29/18 9:21,7.59,8
54961043,173.71,6/29/18 10:19,23.43,8
54961866,37.99,6/29/18 10:49,7.22,8
54962547,15.35,6/29/18 11:43,2.01,8
54963086,17.91,6/29/18 12:25,1.52,8
54964845,21.98,6/29/18 14:29,2.86,8
54968208,9.59,6/29/18 18:26,1.2,8
54971999,81.8,6/29/18 20:50,7.36,8
54978185,11.9,6/30/18 4:24,1.07,8
54978242,11.51,6/30/18 4:24,1.66,8
54978346,81.8,6/30/18 7:13,7.36,8
54984635,24.93,6/30/18 14:00,3.69,8
54984880,15.35,6/30/18 16:20,1.9,8
54990065,41.26,6/30/18 20:35,5.49,16
54990784,15.35,6/30/18 21:34,1.81,4