id,user_id,silver,gold,platinum,titan,titan_ad
,1,1,0,0,0,0
,1630,0,0,1,0,0
,3392,0,1,0,0,0
,5127,0,0,1,0,0
,6476,0,1,0,0,0
,9321,0,1,0,0,0
,9605,1,0,0,0,0
,10383,0,1,0,0,0
,11364,1,0,0,0,0
,11910,0,0,0,1,0
,18261,0,0,1,0,0
,25978,1,0,0,0,0
,27770,0,0,1,0,0
,28384,1,0,0,0,0
,32222,0,0,0,1,0
,33490,0,0,1,0,0
,34051,1,0,0,0,0
,34327,0,1,0,0,0
,34620,0,0,0,1,0
,36939,1,0,0,0,0
,37332,1,0,0,0,0
,38390,0,0,1,0,0
,45919,0,1,0,0,0
,47781,0,0,1,0,0
,48689,0,1,0,0,0
,50122,0,0,1,0,0
,50619,0,0,1,0,0
,51493,0,1,0,0,0
,52071,0,0,1,0,0
,52226,1,0,0,0,0
,57458,0,0,1,0,0
,60752,0,0,1,0,0
,61442,0,1,0,0,0
,62313,1,0,0,0,0
,63207,1,0,0,0,0
,64922,1,0,0,0,0
,70213,1,0,0,0,0
,75075,1,0,0,0,0
,85735,0,1,0,0,0
,88199,1,0,0,0,0
,91051,1,0,0,0,0
,95096,0,0,1,0,0
,105327,0,1,0,0,0
,111972,0,1,0,0,0
,112363,0,1,0,0,0
,113076,1,0,0,0,0
,114639,1,0,0,0,0
,114944,0,0,1,0,0
,116623,0,1,0,0,0
,132127,0,1,0,0,0
,142832,0,0,1,0,0
,145435,1,0,0,0,0
,164037,1,0,0,0,0
,171526,0,0,0,0,0
,185847,1,0,0,0,0
,186512,0,1,0,0,0
,196300,0,1,0,0,0
,228526,0,1,0,0,0
,246154,0,1,0,0,0
,305158,0,1,0,0,0
,318622,0,0,1,0,0
,318833,0,0,0,1,0
,336970,0,1,0,0,0
,343097,0,0,1,0,0
,364661,0,1,0,0,0
,392954,0,1,0,0,0
,403525,0,0,1,0,0
,415237,0,1,0,0,0
,416837,1,0,0,0,0
,418380,0,1,0,0,0
,423708,0,1,0,0,0
,431647,1,0,0,0,0
,458966,1,0,0,0,0
,464403,0,1,0,0,0
,465384,0,0,0,1,0
,473858,0,0,1,0,0
,478202,0,0,1,0,0
,489036,0,1,0,0,0
,500863,0,1,0,0,0
,509758,1,0,0,0,0
,511733,0,0,1,0,0
,513213,1,0,0,0,0
,594719,0,0,0,0,1
,623199,1,0,0,0,0
,645026,1,0,0,0,0
,679393,0,1,0,0,0
,683899,0,1,0,0,0
,687858,0,0,1,0,0
,743953,0,0,1,0,0
,782919,0,1,0,0,0
,805516,0,0,1,0,0
,832594,0,1,0,0,0
,858548,0,0,0,1,0
,885657,0,1,0,0,0
,919049,0,1,0,0,0
,951337,0,0,1,0,0
,970311,0,1,0,0,0
,971661,1,0,0,0,0
,974648,0,0,1,0,0
,990246,0,0,1,0,0
,1059459,1,0,0,0,0
,1112303,0,1,0,0,0
,1147896,0,0,1,0,0
,1158182,0,0,1,0,0
,1172907,1,0,0,0,0
,1201868,0,1,0,0,0
,1208418,0,1,0,0,0
,1209266,0,0,1,0,0
,1210375,0,0,1,0,0
,1246949,0,0,1,0,0
,1249284,0,1,0,0,0
,1257757,0,0,1,0,0
,1278932,0,0,0,0,1
,1305156,1,0,0,0,0
,1306601,1,0,0,0,0
,1317825,0,1,0,0,0
,1381988,0,1,0,0,0
,1420890,0,1,0,0,0
,1434077,0,1,0,0,0
,1468547,1,0,0,0,0
,1512448,0,0,1,0,0
,1544189,1,0,0,0,0
,1556441,1,0,0,0,0
,1590875,0,1,0,0,0
,1608747,0,1,0,0,0
,1610337,0,0,0,1,0
,1635491,0,1,0,0,0
,1849331,1,0,0,0,0
,1871411,0,1,0,0,0
,1950011,0,1,0,0,0
,2184381,0,1,0,0,0
,2285941,0,1,0,0,0
,2322801,1,0,0,0,0
,2751051,1,0,0,0,0
,3080421,0,1,0,0,0
,3270001,0,1,0,0,0
,3325991,0,1,0,0,0
,3486321,0,1,0,0,0
,3585991,0,1,0,0,0
,3677531,0,0,1,0,0
,3901965,0,1,0,0,0
,3934101,0,1,0,0,0
,3984901,0,0,1,0,0
,4028651,0,1,0,0,0
,4113047,0,1,0,0,0
,4129149,1,0,0,0,0
,4130067,0,1,0,0,0
,4137395,0,1,0,0,0
,4149425,1,0,0,0,0
,4159511,0,0,0,0,1
,4164625,0,1,0,0,0
,4180833,0,1,0,0,0
,4210005,0,0,0,0,0
,4221109,1,0,0,0,0
,4233447,0,0,1,0,0
,4310287,0,1,0,0,0
,4317147,0,1,0,0,0
,4318923,0,0,1,0,0
,4327531,0,0,1,0,0
,4352897,0,1,0,0,0
,4365363,0,1,0,0,0
,4369027,0,0,1,0,0
,4375367,0,1,0,0,0
,4400283,0,0,0,1,0
,4423773,0,1,0,0,0
,4429497,0,1,0,0,0
,4439381,0,1,0,0,0
,4455085,0,0,0,0,1
,4501545,0,0,0,0,0
,4521143,0,1,0,0,0
,4527369,0,1,0,0,0
,4540615,0,1,0,0,0
,4617869,0,1,0,0,0
,4625185,0,0,1,0,0
,4627137,0,1,0,0,0
,4647375,1,0,0,0,0
,4853967,0,1,0,0,0
,4871009,0,0,1,0,0
,4969183,0,1,0,0,0
,4998007,1,0,0,0,0
,5064299,0,1,0,0,0
,5068189,0,1,0,0,0
,5104935,1,0,0,0,0
,5139043,1,0,0,0,0
,5159437,0,1,0,0,0
,5166277,0,1,0,0,0
,5188835,0,0,1,0,0
,5378385,0,0,1,0,0
,5382913,1,0,0,0,0
,5394107,0,1,0,0,0
,5433265,0,0,1,0,0
,5477499,0,1,0,0,0
,5477841,0,1,0,0,0
,5481107,0,1,0,0,0
,5537641,1,0,0,0,0
,5539667,0,1,0,0,0
,5541077,0,0,0,1,0
,5560271,0,1,0,0,0
,5576255,0,1,0,0,0
,5610861,1,0,0,0,0
,5656837,0,1,0,0,0
,5682141,0,1,0,0,0
,5694005,0,1,0,0,0
,5708249,0,1,0,0,0
,5719193,0,1,0,0,0
,5753779,0,0,1,0,0
,5759233,0,1,0,0,0
,5764633,0,0,1,0,0
,5789355,1,0,0,0,0
,5790957,0,1,0,0,0
,5792029,0,0,0,0,1
,5818099,1,0,0,0,0
,5858029,0,0,0,1,0
,5941987,0,1,0,0,0
,5953129,0,1,0,0,0
,5992199,1,0,0,0,0
,6065035,0,1,0,0,0
,6084285,0,1,0,0,0
,6099023,0,0,0,1,0
,6106565,1,0,0,0,0
,6109751,1,0,0,0,0
,6154661,0,0,1,0,0
,6192609,0,0,1,0,0
,6209349,1,0,0,0,0
,6247237,0,1,0,0,0
,6272899,0,1,0,0,0
,6278537,0,1,0,0,0
,6344299,0,0,1,0,0
,6431217,0,1,0,0,0
,6452227,0,0,1,0,0
,6458897,0,1,0,0,0
,6489221,0,0,1,0,0
,6557189,0,1,0,0,0
,6566271,0,1,0,0,0
,6656723,0,1,0,0,0
,6671053,1,0,0,0,0
,6717137,0,1,0,0,0
,6726963,0,1,0,0,0
,6791663,1,0,0,0,0
,6818271,0,0,1,0,0
,6821725,0,1,0,0,0
,6871487,0,1,0,0,0
,6874427,1,0,0,0,0
,6907381,0,1,0,0,0
,6942503,0,0,1,0,0
,6951239,0,1,0,0,0
,6998495,0,0,1,0,0
,7001405,0,1,0,0,0
,7018221,1,0,0,0,0
,7020031,1,0,0,0,0
,7021103,0,0,1,0,0
,7032991,0,1,0,0,0
,7036673,0,0,1,0,0
,7065693,0,0,1,0,0
,7084925,0,0,1,0,0
,7111593,0,1,0,0,0
,7113893,0,0,1,0,0
,7116677,1,0,0,0,0
,7121973,0,1,0,0,0
,7149059,0,1,0,0,0
,7149559,0,1,0,0,0
,7162393,0,0,0,0,0
,7216795,1,0,0,0,0
,7271671,0,1,0,0,0
,7283157,0,1,0,0,0
,7288221,1,0,0,0,0
,7332379,0,0,1,0,0
,7337783,0,1,0,0,0
,7432515,0,1,0,0,0
,7440253,0,1,0,0,0
,7450749,0,1,0,0,0
,7548747,0,1,0,0,0
,7672571,0,0,0,1,0
,7722693,0,0,1,0,0
,7758775,0,0,1,0,0
,7762483,0,1,0,0,0
,7765391,0,1,0,0,0
,7884343,0,1,0,0,0
,7885203,1,0,0,0,0
,7951609,0,0,1,0,0
,7952543,0,1,0,0,0
,7992881,0,1,0,0,0
,8008195,0,1,0,0,0
,8104993,0,1,0,0,0
,8219481,0,1,0,0,0
,8221729,0,1,0,0,0
,8223861,1,0,0,0,0
,8232421,0,1,0,0,0
,8238099,1,0,0,0,0
,8245953,0,1,0,0,0
,8365573,1,0,0,0,0
,8378871,0,1,0,0,0
,8409847,0,1,0,0,0
,8440315,0,1,0,0,0
,8466097,0,0,0,1,0
,8484619,0,1,0,0,0
,8494129,0,1,0,0,0
,8516003,0,1,0,0,0
,8569883,0,0,1,0,0
,8574075,0,0,1,0,0
,8590223,0,0,1,0,0
,8596553,1,0,0,0,0
,8598559,0,0,0,1,0
,8620019,0,1,0,0,0
,8620393,1,0,0,0,0
,8674851,1,0,0,0,0
,8704927,0,0,1,0,0
,8708221,0,1,0,0,0
,8752687,0,1,0,0,0
,8766229,0,0,1,0,0
,8799345,1,0,0,0,0
,8802849,0,0,0,1,0
,8862215,0,0,1,0,0
,8889671,0,0,1,0,0
,8897279,0,1,0,0,0
,8923135,1,0,0,0,0
,8974937,1,0,0,0,0
,8976055,0,0,0,1,0
,9036683,0,1,0,0,0
,9079539,0,1,0,0,0
,9099361,0,1,0,0,0
,9218499,0,0,1,0,0
,9243741,1,0,0,0,0
,9257799,0,0,1,0,0
,9285911,0,0,1,0,0
,9435705,0,0,0,1,0
,9458381,0,1,0,0,0
,9467707,1,0,0,0,0
,9475545,0,1,0,0,0
,9494683,0,0,1,0,0
,9549251,1,0,0,0,0
,9636301,0,1,0,0,0
,9643285,0,0,1,0,0
,9648395,0,1,0,0,0
,9674359,0,0,1,0,0
,9679915,0,1,0,0,0
,9714205,0,0,0,1,0
,9761251,0,0,1,0,0
,9765532,0,1,0,0,0
,9773219,0,1,0,0,0
,9781069,0,1,0,0,0
,9790193,0,1,0,0,0
,9794651,0,0,1,0,0
,9853468,0,0,1,0,0
,9854240,0,1,0,0,0
,9857768,0,1,0,0,0
,9913130,0,1,0,0,0
,9924745,0,1,0,0,0
,9930692,1,0,0,0,0
,9938135,0,0,1,0,0
,9955223,0,1,0,0,0
,9965411,0,1,0,0,0
,9969134,0,1,0,0,0
,9975221,0,1,0,0,0
,9984208,0,1,0,0,0
,9988480,0,1,0,0,0
,10004617,0,1,0,0,0
,10004846,0,0,1,0,0
,10009227,1,0,0,0,0
,10012188,0,1,0,0,0
,10015434,0,1,0,0,0
,10036493,0,1,0,0,0
,10105002,0,1,0,0,0
,10122345,0,0,1,0,0
,10128436,0,1,0,0,0
,10224536,0,1,0,0,0
,10316092,0,1,0,0,0
,10400215,0,1,0,0,0
,10404253,1,0,0,0,0
,10410543,0,0,0,1,0
,10441285,0,0,1,0,0
,10502072,0,1,0,0,0
,10589734,0,1,0,0,0
,10599487,1,0,0,0,0
,10609329,0,0,0,1,0
,10648474,0,1,0,0,0
,10678672,0,1,0,0,0
,10698719,0,0,0,0,1
,10737648,0,1,0,0,0
,10760342,1,0,0,0,0
,10763459,0,1,0,0,0
,10772035,0,0,1,0,0
,10848163,0,0,1,0,0
,10871142,0,0,1,0,0
,10874562,0,1,0,0,0
,10889055,0,1,0,0,0
,10906208,0,0,1,0,0
,10926298,0,1,0,0,0
,10939132,0,1,0,0,0
,10988134,0,0,1,0,0
,10991139,0,1,0,0,0
,11041865,0,1,0,0,0
,11069301,0,1,0,0,0
,11095205,0,1,0,0,0
,11117208,0,0,0,1,0
,11127952,0,0,1,0,0
,11172127,1,0,0,0,0
,11180649,0,1,0,0,0
,11182769,0,0,1,0,0
,11193369,0,0,1,0,0
,11214327,0,1,0,0,0
,11267471,0,1,0,0,0
,11285438,0,1,0,0,0
,11319707,0,0,1,0,0
,11338310,0,1,0,0,0
,11361805,1,0,0,0,0
,11378440,0,1,0,0,0
,11395030,1,0,0,0,0
,11409175,0,0,1,0,0
,11421651,0,1,0,0,0
,11443295,0,1,0,0,0
,11444640,0,0,1,0,0
,11464349,0,0,1,0,0
,11473315,1,0,0,0,0
,11492717,0,0,1,0,0
,11544161,1,0,0,0,0
,11552569,0,0,1,0,0
,11557723,0,0,1,0,0
,11570274,0,1,0,0,0
,11574523,0,1,0,0,0
,11589462,0,0,1,0,0
,11596800,0,1,0,0,0
,11622912,0,0,1,0,0
,11636612,0,1,0,0,0
,11657055,0,1,0,0,0
,11667831,0,0,1,0,0
,11672993,0,0,1,0,0
,11719854,0,1,0,0,0
,11791444,0,0,1,0,0
,11835873,0,1,0,0,0
,11837447,0,0,0,1,0
,11839060,1,0,0,0,0
,11860963,0,0,1,0,0
,11862352,0,1,0,0,0
,11877854,0,0,0,0,0
,11878154,0,1,0,0,0
,11914728,0,0,1,0,0
,11915052,0,1,0,0,0
,11924029,1,0,0,0,0
,11977081,0,1,0,0,0
,11982200,0,1,0,0,0
,12026217,0,1,0,0,0
,12028941,1,0,0,0,0
,12041561,0,0,0,1,0
,12068525,0,1,0,0,0
,12086954,0,0,1,0,0
,12096848,0,1,0,0,0
,12100335,0,1,0,0,0
,12121440,0,1,0,0,0
,12123305,0,0,1,0,0
,12146156,0,0,1,0,0
,12153512,1,0,0,0,0
,12169649,0,0,0,1,0
,12185372,0,0,1,0,0
,12198063,1,0,0,0,0
,12288854,0,1,0,0,0
,12305628,0,1,0,0,0
,12310570,0,1,0,0,0
,12324115,1,0,0,0,0
,12491898,1,0,0,0,0
,12494494,0,1,0,0,0
,12526771,0,1,0,0,0
,12561774,0,1,0,0,0
,12598906,0,0,1,0,0
,12648201,0,1,0,0,0
,12658435,0,0,1,0,0
,12675478,0,1,0,0,0
,12745794,1,0,0,0,0
,12804053,0,1,0,0,0
,12952566,0,0,1,0,0
,12968059,1,0,0,0,0
,12977511,0,0,1,0,0
,12981613,1,0,0,0,0
,12992660,0,1,0,0,0
,13023947,0,0,1,0,0
,13027628,0,1,0,0,0
,13036269,0,1,0,0,0
,13145563,0,0,1,0,0
,13201758,0,1,0,0,0
,13265546,1,0,0,0,0
,13289571,1,0,0,0,0
,13312442,0,1,0,0,0
,13313749,0,1,0,0,0
,13358420,0,0,1,0,0
,13390665,0,0,0,1,0
,13393243,0,1,0,0,0
,13498166,1,0,0,0,0
,13521316,0,0,1,0,0
,13555947,1,0,0,0,0
,13623368,0,1,0,0,0
,13625756,0,0,1,0,0
,13649871,0,1,0,0,0
,13726926,1,0,0,0,0
,13730747,0,0,0,1,0
,13733914,1,0,0,0,0
,13778802,0,1,0,0,0
,13796348,0,1,0,0,0
,13835578,0,1,0,0,0
,13841371,1,0,0,0,0
,13851442,0,1,0,0,0
,13852416,1,0,0,0,0
,13854050,0,0,1,0,0
,13856123,1,0,0,0,0
,13890527,0,0,0,1,0
,13891068,0,0,0,1,0
,13910083,0,1,0,0,0
,13914926,0,0,1,0,0
,13943867,0,1,0,0,0
,14030891,0,1,0,0,0
,14041122,0,0,1,0,0
,14061333,0,1,0,0,0
,14081811,1,0,0,0,0
,14088729,0,1,0,0,0
,14136825,0,1,0,0,0
,14149733,0,0,0,1,0
,14155439,0,1,0,0,0
,14173731,0,1,0,0,0
,14179162,0,0,1,0,0
,14188088,0,1,0,0,0
,14203136,0,0,0,1,0
,14217104,0,1,0,0,0
,14256127,0,0,1,0,0
,14283552,0,1,0,0,0
,14310507,0,1,0,0,0
,14363866,0,0,1,0,0
,14380237,0,0,1,0,0
,14391976,1,0,0,0,0
,14446124,1,0,0,0,0
,14449359,0,1,0,0,0
,14457931,0,0,1,0,0
,14460500,0,1,0,0,0
,14465347,0,1,0,0,0
,14470688,0,0,1,0,0
,14506730,0,1,0,0,0
,14521879,1,0,0,0,0
,14533899,0,0,1,0,0
,14550838,0,1,0,0,0
,14564197,0,1,0,0,0
,14643587,0,1,0,0,0
,14647203,0,1,0,0,0
,14656240,0,1,0,0,0
,14657282,1,0,0,0,0
,14663279,0,0,0,1,0
,14694015,0,1,0,0,0
,14709200,0,0,1,0,0
,14749258,0,1,0,0,0
,14792128,0,1,0,0,0
,14812375,0,0,1,0,0
,14822058,0,1,0,0,0
,14845833,1,0,0,0,0
,14907851,0,0,1,0,0
,14920100,0,1,0,0,0
,14927231,0,1,0,0,0
,14943394,0,1,0,0,0
,14957727,0,1,0,0,0
,14961463,0,1,0,0,0
,14984946,0,1,0,0,0
,15025210,1,0,0,0,0
,15045937,0,1,0,0,0
,15047345,0,0,0,1,0
,15050787,0,1,0,0,0
,15070742,0,0,0,1,0
,15104730,0,1,0,0,0
,15132002,1,0,0,0,0
,15134182,0,0,1,0,0
,15143870,0,0,1,0,0
,15143885,0,0,1,0,0
,15181147,0,1,0,0,0
,15283253,1,0,0,0,0
,15292402,0,1,0,0,0
,15346263,0,1,0,0,0
,15356880,1,0,0,0,0
,15375565,0,0,1,0,0
,15402746,0,1,0,0,0
,15406691,0,1,0,0,0
,15410060,0,1,0,0,0
,15435875,0,1,0,0,0
,15448990,0,1,0,0,0
,15502567,0,1,0,0,0
,15531843,0,1,0,0,0
,15574227,0,0,1,0,0
,15629487,1,0,0,0,0
,15642506,0,1,0,0,0
,15685989,0,1,0,0,0
,15801660,0,1,0,0,0
,15807881,0,1,0,0,0
,15811872,0,0,1,0,0
,15818665,0,1,0,0,0
,15875098,1,0,0,0,0
,15897470,0,0,0,0,1
,15923864,0,1,0,0,0
,15942830,0,1,0,0,0
,15998713,0,1,0,0,0
,16014676,0,1,0,0,0
,16023904,0,1,0,0,0
,16076101,1,0,0,0,0
,16079538,0,0,1,0,0
,16114437,0,0,0,1,0
,16126846,0,0,0,0,0
,16141636,1,0,0,0,0
,16155100,0,0,1,0,0
,16159810,0,1,0,0,0
,16165514,0,0,1,0,0
,16180692,0,0,1,0,0
,16240268,0,1,0,0,0
,16316916,0,0,1,0,0
,16344419,0,1,0,0,0
,16395192,0,1,0,0,0
,16405005,0,0,1,0,0
,16415014,0,0,0,1,0
,16461029,0,0,1,0,0
,16464105,0,1,0,0,0
,16487891,0,0,1,0,0
,16490385,0,0,1,0,0
,16490569,0,0,0,1,0
,16520612,0,1,0,0,0
,16522035,0,0,1,0,0
,16537357,1,0,0,0,0
,16576713,0,1,0,0,0
,16577880,0,1,0,0,0
,16606600,0,1,0,0,0
,16608674,0,1,0,0,0
,16610832,0,0,1,0,0
,16657949,0,1,0,0,0
,16702447,0,1,0,0,0
,16703699,0,0,1,0,0
,16715104,0,0,1,0,0
,16734902,0,0,1,0,0
,16754571,0,0,1,0,0
,16787202,0,1,0,0,0
,16830803,1,0,0,0,0
,16861057,0,1,0,0,0
,16888728,0,0,0,1,0
,16923741,0,1,0,0,0
,16970718,1,0,0,0,0
,16984438,0,1,0,0,0
,17033989,0,1,0,0,0
,17066194,0,1,0,0,0
,17067506,0,1,0,0,0
,17079069,0,1,0,0,0
,17132626,0,1,0,0,0
,17146747,0,0,1,0,0
,17178894,0,0,1,0,0
,17188029,0,1,0,0,0
,17238754,0,1,0,0,0
,17242608,1,0,0,0,0
,17254996,1,0,0,0,0
,17371007,0,0,1,0,0
,17382835,1,0,0,0,0
,17406534,0,0,0,1,0
,17440423,0,1,0,0,0
,17505763,0,0,1,0,0
,17715036,1,0,0,0,0
,17853075,0,1,0,0,0
,17991714,1,0,0,0,0
,18055683,0,0,1,0,0
,18170863,0,0,1,0,0
,18226466,0,1,0,0,0
,18262445,0,1,0,0,0
,18299542,0,1,0,0,0
,18363834,0,1,0,0,0
,18416643,1,0,0,0,0
,18443274,0,1,0,0,0
,18457999,0,0,1,0,0
,18460851,0,1,0,0,0
,18480183,0,1,0,0,0
,18507581,0,0,1,0,0
,18527067,0,1,0,0,0
,18532312,1,0,0,0,0
,18555943,0,1,0,0,0
,18565420,0,1,0,0,0
,18577369,0,0,1,0,0
,18655763,0,0,1,0,0
,18687300,1,0,0,0,0
,18698986,1,0,0,0,0
,18739101,0,1,0,0,0
,18740377,0,0,0,1,0
,18761943,0,1,0,0,0
,18769411,0,1,0,0,0
,18777458,0,1,0,0,0
,18792613,0,0,1,0,0
,18817798,1,0,0,0,0
,18826379,0,1,0,0,0
,18845083,0,0,1,0,0
,18850108,1,0,0,0,0
,18867398,0,1,0,0,0
,18941947,0,0,1,0,0
,18954753,1,0,0,0,0
,18967575,0,0,0,1,0
,18973427,0,1,0,0,0
,18975842,0,1,0,0,0
,18985947,0,1,0,0,0
,18988429,0,1,0,0,0
,18991621,0,1,0,0,0
,19007652,0,0,1,0,0
,19015917,1,0,0,0,0
,19050931,0,1,0,0,0
,19118743,0,1,0,0,0
,19123601,0,1,0,0,0
,19134820,1,0,0,0,0
,19136869,0,0,1,0,0
,19143347,1,0,0,0,0
,19157242,0,1,0,0,0
,19170600,0,0,1,0,0
,19177353,1,0,0,0,0
,19193341,0,1,0,0,0
,19200863,0,0,1,0,0
,19222147,0,1,0,0,0
,19226133,1,0,0,0,0
,19240137,0,1,0,0,0
,19245122,0,0,1,0,0
,19249558,0,0,1,0,0
,19250758,0,1,0,0,0
,19281637,0,1,0,0,0
,19316073,1,0,0,0,0
,19317815,0,1,0,0,0
,19326977,0,1,0,0,0
,19344877,1,0,0,0,0
,19423611,1,0,0,0,0
,19439875,0,1,0,0,0
,19440769,0,1,0,0,0
,19478033,0,1,0,0,0
,19495310,0,1,0,0,0
,19495323,0,1,0,0,0
,19517374,0,1,0,0,0
,19552307,0,1,0,0,0
,19558753,0,1,0,0,0
,19574921,0,1,0,0,0
,19589195,0,1,0,0,0
,19596642,0,1,0,0,0
,19618127,0,1,0,0,0
,19639672,0,1,0,0,0
,19718342,1,0,0,0,0
,19754111,0,1,0,0,0
,19757432,0,1,0,0,0
,19780675,0,0,1,0,0
,19807427,0,1,0,0,0
,19821496,0,1,0,0,0
,19842822,0,1,0,0,0
,19851920,0,0,1,0,0
,19854960,0,1,0,0,0
,19871203,0,1,0,0,0
,19885786,0,0,1,0,0
,19895603,0,1,0,0,0
,19910603,0,1,0,0,0
,19949236,0,1,0,0,0
,20009052,0,1,0,0,0
,20025342,0,1,0,0,0
,20118449,0,0,1,0,0
,20124684,0,0,0,1,0
,20133755,0,1,0,0,0
,20150983,0,0,0,1,0
,20177859,0,1,0,0,0
,20216773,1,0,0,0,0
,20222118,0,0,0,1,0
,20294986,0,1,0,0,0
,20318865,0,0,1,0,0
,20392883,0,1,0,0,0
,20393908,0,1,0,0,0
,20450779,1,0,0,0,0
,20499282,0,0,1,0,0
,20529816,0,0,1,0,0
,20576495,0,1,0,0,0
,20657435,0,1,0,0,0
,20669346,0,1,0,0,0
,20681322,0,0,1,0,0
,20706959,0,0,0,1,0
,20735122,1,0,0,0,0
,20760683,0,1,0,0,0
,20786759,0,1,0,0,0
,20813491,0,1,0,0,0
,20815243,0,1,0,0,0
,20831547,0,1,0,0,0
,20879978,0,0,1,0,0
,20881684,0,1,0,0,0
,20928067,0,1,0,0,0
,20948003,0,1,0,0,0
,20949407,0,0,0,1,0
,20968833,0,1,0,0,0
,20969760,1,0,0,0,0
,20973130,0,1,0,0,0
,20994359,1,0,0,0,0
,21025414,0,0,1,0,0
,21069036,0,0,1,0,0
,21073284,0,0,1,0,0
,21073362,0,0,1,0,0
,21092036,0,1,0,0,0
,21102911,0,1,0,0,0
,21138048,1,0,0,0,0
,21158322,0,0,0,1,0
,21186790,0,1,0,0,0
,21195517,0,1,0,0,0
,21198718,0,1,0,0,0
,21211978,1,0,0,0,0
,21218459,0,0,1,0,0
,21219722,0,1,0,0,0
,21264833,0,0,1,0,0
,21272234,1,0,0,0,0
,21305159,0,0,1,0,0
,21309286,0,1,0,0,0
,21312531,1,0,0,0,0
,21345494,0,1,0,0,0
,21375794,0,1,0,0,0
,21382629,0,1,0,0,0
,21427754,0,1,0,0,0
,21440591,0,1,0,0,0
,21443672,0,0,1,0,0
,21493405,1,0,0,0,0
,21494488,1,0,0,0,0
,21519005,0,1,0,0,0
,21520925,0,1,0,0,0
,21525205,0,1,0,0,0
,21538058,0,1,0,0,0
,21575939,0,1,0,0,0
,21583933,0,1,0,0,0
,21591194,1,0,0,0,0
,21609981,0,0,1,0,0
,21622184,0,0,1,0,0
,21625962,0,1,0,0,0
,21627826,0,1,0,0,0
,21657923,0,0,1,0,0
,21684540,0,0,0,1,0
,21710306,0,1,0,0,0
,21744472,1,0,0,0,0
,21782220,0,1,0,0,0
,21834519,0,0,1,0,0
,21850905,0,0,1,0,0
,21890288,0,1,0,0,0
,21910801,0,1,0,0,0
,21925795,0,1,0,0,0
,21926621,0,0,1,0,0
,21943267,1,0,0,0,0
,21985746,0,0,1,0,0
,21993297,0,0,1,0,0
,21999553,0,1,0,0,0
,22018620,0,1,0,0,0
,22041185,0,0,1,0,0
,22068784,0,0,1,0,0
,22097514,0,0,1,0,0
,22115620,1,0,0,0,0
,22133381,1,0,0,0,0
,22143128,0,1,0,0,0
,22153114,0,1,0,0,0
,22173028,0,0,1,0,0
,22175413,0,1,0,0,0
,22182030,0,0,1,0,0
,22237269,0,1,0,0,0
,22284469,0,0,0,0,1
,22326132,0,1,0,0,0
,22338816,0,1,0,0,0
,22346618,0,1,0,0,0
,22402866,0,1,0,0,0
,22404558,0,0,1,0,0
,22412018,0,1,0,0,0
,22418852,0,1,0,0,0
,22423497,0,0,0,1,0
,22432191,0,1,0,0,0
,22463420,0,1,0,0,0
,22471933,0,1,0,0,0
,22504203,0,1,0,0,0
,22508080,1,0,0,0,0
,22516006,1,0,0,0,0
,22519456,1,0,0,0,0
,22550875,0,1,0,0,0
,22579395,0,1,0,0,0
,22579668,0,1,0,0,0
,22583462,0,1,0,0,0
,22596869,0,0,1,0,0
,22646635,0,0,0,1,0
,22666872,1,0,0,0,0
,22705660,0,0,1,0,0
,22716848,1,0,0,0,0
,22719480,0,1,0,0,0
,22764323,0,0,0,1,0
,22775936,0,1,0,0,0
,22798777,1,0,0,0,0
,22809536,0,0,1,0,0
,22872522,0,1,0,0,0
,22888357,0,0,1,0,0
,22924681,0,1,0,0,0
,22934668,0,0,1,0,0
,22939805,0,1,0,0,0
,22959948,0,1,0,0,0
,22994196,0,1,0,0,0
,23020156,0,1,0,0,0
,23027676,0,1,0,0,0
,23048853,0,1,0,0,0
,23079521,0,0,1,0,0
,23113456,0,1,0,0,0
,23148429,1,0,0,0,0
,23160857,0,0,0,1,0
,23166742,0,1,0,0,0
,23180981,0,1,0,0,0
,23185482,0,1,0,0,0
,23232175,0,1,0,0,0
,23235506,0,1,0,0,0
,23258667,0,1,0,0,0
,23260200,0,1,0,0,0
,23298818,0,0,1,0,0
,23326367,0,0,1,0,0
,23339453,0,0,1,0,0
,23339666,0,0,1,0,0
,23345904,1,0,0,0,0
,23407243,0,1,0,0,0
,23423260,0,0,1,0,0
,23442588,0,1,0,0,0
,23470177,1,0,0,0,0
,23474201,1,0,0,0,0
,23494444,0,1,0,0,0
,23516070,0,0,1,0,0
,23567003,0,0,1,0,0
,23569017,0,1,0,0,0
,23571800,0,0,1,0,0
,23576093,0,0,1,0,0
,23576891,1,0,0,0,0
,23588009,0,1,0,0,0
,23615835,0,1,0,0,0
,23629164,0,1,0,0,0
,23633056,0,0,1,0,0
,23685944,0,1,0,0,0
,23713306,0,1,0,0,0
,23772004,0,0,1,0,0
,23798036,0,1,0,0,0
,23799666,1,0,0,0,0
,23814851,1,0,0,0,0
,23835308,0,0,1,0,0
,23847045,0,1,0,0,0
,23852764,0,0,1,0,0
,23855614,0,1,0,0,0
,23865337,0,0,1,0,0
,23899889,0,1,0,0,0
,23918041,0,1,0,0,0
,23927661,0,0,0,1,0
,23963341,0,0,1,0,0
,23990023,0,1,0,0,0
,23993938,0,1,0,0,0
,24025317,0,0,0,1,0
,24029440,0,1,0,0,0
,24035173,1,0,0,0,0
,24106595,0,0,1,0,0
,24119651,0,1,0,0,0
,24120729,0,1,0,0,0
,24144339,0,0,1,0,0
,24150661,1,0,0,0,0
,24163066,0,1,0,0,0
,24180525,0,1,0,0,0
,24186556,0,0,1,0,0
,24200981,0,1,0,0,0
,24215174,0,1,0,0,0
,24295455,0,0,1,0,0
,24327997,0,1,0,0,0
,24346418,0,1,0,0,0
,24385038,0,0,1,0,0
,24418896,0,1,0,0,0
,24428702,0,0,0,1,0
,24452617,0,1,0,0,0
,24452809,1,0,0,0,0
,24467908,0,1,0,0,0
,24535505,0,1,0,0,0
,24538272,0,1,0,0,0
,24551056,0,1,0,0,0
,24565182,0,1,0,0,0
,24565689,0,1,0,0,0
,24569200,0,1,0,0,0
,24572004,0,1,0,0,0
,24616007,0,1,0,0,0
,24691455,0,0,1,0,0
,24693228,0,1,0,0,0
,24693565,1,0,0,0,0
,24699645,0,1,0,0,0
,24710200,1,0,0,0,0
,24710860,1,0,0,0,0
,24725869,0,0,1,0,0
,24750927,0,1,0,0,0
,24758794,0,0,0,1,0
,24811113,0,0,0,1,0
,24820566,1,0,0,0,0
,24832524,0,0,1,0,0
,24847515,0,1,0,0,0
,24856479,0,0,1,0,0
,24861011,0,0,1,0,0
,24877372,1,0,0,0,0
,24879970,1,0,0,0,0
,24903998,0,1,0,0,0
,24904899,0,1,0,0,0
,24939929,0,1,0,0,0
,24956555,0,1,0,0,0
,24958319,0,1,0,0,0
,24976403,0,1,0,0,0
,24980707,0,1,0,0,0
,25017368,0,1,0,0,0
,25023483,0,1,0,0,0
,25079811,1,0,0,0,0
,25110520,0,1,0,0,0
,25123693,1,0,0,0,0
,25163372,0,0,1,0,0
,25219920,0,1,0,0,0
,25293239,0,1,0,0,0
,25297037,0,0,0,1,0
,25319612,0,1,0,0,0
,25324823,0,1,0,0,0
,25356514,1,0,0,0,0
,25359479,1,0,0,0,0
,25374776,0,0,1,0,0
,25389320,0,0,1,0,0
,25403073,0,1,0,0,0
,25403491,1,0,0,0,0
,25409161,0,1,0,0,0
,25421603,1,0,0,0,0
,25443961,0,1,0,0,0
,25453099,0,0,1,0,0
,25457655,0,0,0,1,0
,25465397,0,1,0,0,0
,25472118,0,1,0,0,0
,25493702,1,0,0,0,0
,25511102,1,0,0,0,0
,25518944,0,1,0,0,0
,25523584,0,0,1,0,0
,25539955,0,0,1,0,0
,25559741,0,0,0,1,0
,25580124,1,0,0,0,0
,25590844,0,1,0,0,0
,25619416,1,0,0,0,0
,25677113,0,1,0,0,0
,25749278,0,1,0,0,0
,25760613,1,0,0,0,0
,25769263,0,1,0,0,0
,25829461,0,1,0,0,0
,25852885,0,1,0,0,0
,25870272,1,0,0,0,0
,25884252,0,1,0,0,0
,25942635,1,0,0,0,0
,25943077,1,0,0,0,0
,25960201,0,0,0,1,0
,25982058,1,0,0,0,0
,25994193,1,0,0,0,0
,26003517,0,0,0,0,1
,26041488,1,0,0,0,0
,26052948,0,1,0,0,0
,26073053,0,1,0,0,0
,26080940,0,0,1,0,0
,26087887,0,0,1,0,0
,26095315,0,1,0,0,0
,26105304,1,0,0,0,0
,26108518,0,1,0,0,0
,26115664,1,0,0,0,0
,26147700,0,1,0,0,0
,26168032,0,0,1,0,0
,26169129,0,0,0,1,0
,26176114,0,0,1,0,0
,26191602,1,0,0,0,0
,26222960,0,1,0,0,0
,26223580,0,1,0,0,0
,26247486,1,0,0,0,0
,26258670,0,1,0,0,0
,26267540,0,1,0,0,0
,26276019,0,1,0,0,0
,26303747,0,0,1,0,0
,26332320,0,1,0,0,0
,26345562,0,1,0,0,0
,26395443,0,0,0,0,1
,26395684,0,0,1,0,0
,26401030,0,1,0,0,0
,26401562,0,1,0,0,0
,26418028,0,1,0,0,0
,26427692,1,0,0,0,0
,26433534,0,1,0,0,0
,26438509,1,0,0,0,0
,26439090,0,0,0,0,1
,26439679,0,1,0,0,0
,26458640,1,0,0,0,0
,26495762,0,1,0,0,0
,26545985,1,0,0,0,0
,26576000,0,0,1,0,0
,26586490,0,1,0,0,0
,26591966,0,1,0,0,0
,26604819,0,0,0,0,1
,26611982,0,1,0,0,0
,26636973,0,0,1,0,0
,26679507,1,0,0,0,0
,26714073,0,0,1,0,0
,26733739,0,1,0,0,0
,26741781,0,1,0,0,0
,26764492,0,1,0,0,0
,26764895,0,1,0,0,0
,26847058,1,0,0,0,0
,26851900,0,1,0,0,0
,26873904,0,1,0,0,0
,26881428,0,1,0,0,0
,26916038,1,0,0,0,0
,26942119,0,0,0,1,0
,26963107,0,1,0,0,0
,27045555,0,1,0,0,0
,27068562,0,0,1,0,0
,27091323,0,0,1,0,0
,27093908,0,1,0,0,0
,27122566,1,0,0,0,0
,27147774,1,0,0,0,0
,27155398,1,0,0,0,0
,27202461,0,1,0,0,0
,27209413,0,0,1,0,0
,27223969,0,1,0,0,0
,27230513,0,1,0,0,0
,27256473,0,1,0,0,0
,27267851,0,0,1,0,0
,27271191,0,1,0,0,0
,27311670,0,1,0,0,0
,27318084,0,0,0,0,1
,27390495,0,1,0,0,0
,27408231,0,0,0,1,0
,27439625,0,1,0,0,0
,27515811,0,0,1,0,0
,27551977,0,1,0,0,0
,27554832,0,1,0,0,0
,27569612,0,0,1,0,0
,27623617,0,1,0,0,0
,27665883,0,0,0,0,1
,27692952,0,0,1,0,0
,27717738,0,1,0,0,0
,27733095,0,1,0,0,0
,27741668,0,0,0,1,0
,27784356,0,1,0,0,0
,27818793,0,0,1,0,0
,27820372,0,1,0,0,0
,27834897,0,1,0,0,0
,27869853,0,1,0,0,0
,27920475,0,0,1,0,0
,27924498,0,0,1,0,0
,27948544,0,1,0,0,0
,27965122,0,1,0,0,0
,27967490,1,0,0,0,0
,28028895,0,0,1,0,0
,28046227,0,0,0,1,0
,28074742,0,0,1,0,0
,28124080,0,1,0,0,0
,28135114,1,0,0,0,0
,28156528,0,1,0,0,0
,28212584,0,0,1,0,0
,28223804,1,0,0,0,0
,28252198,1,0,0,0,0
,28268056,1,0,0,0,0
,28274699,1,0,0,0,0
,28283723,0,0,1,0,0
,28329312,0,1,0,0,0
,28339857,0,0,1,0,0
,28350855,1,0,0,0,0
,28354641,0,0,0,1,0
,28361289,0,1,0,0,0
,28366081,0,1,0,0,0
,28381748,0,0,1,0,0
,28385728,0,1,0,0,0
,28390596,0,0,1,0,0
,28456247,0,1,0,0,0
,28494529,1,0,0,0,0
,28533136,0,1,0,0,0
,28538315,0,1,0,0,0
,28568986,0,1,0,0,0
,28595565,0,0,0,1,0
,28613605,1,0,0,0,0
,28643891,0,1,0,0,0
,28656062,0,1,0,0,0
,28664611,0,0,1,0,0
,28672637,0,1,0,0,0
,28675539,0,1,0,0,0
,28678339,0,1,0,0,0
,28702604,1,0,0,0,0
,28711433,0,0,1,0,0
,28719809,1,0,0,0,0
,28739509,0,0,1,0,0
,28758942,0,1,0,0,0
,28802830,0,1,0,0,0
,28807005,0,0,1,0,0
,28816857,0,0,1,0,0
,28824276,0,1,0,0,0
,28843117,0,1,0,0,0
,28854165,0,0,0,1,0
,28856350,0,1,0,0,0
,28868482,0,0,1,0,0
,28868494,0,0,1,0,0
,28916634,0,0,1,0,0
,28918123,0,0,1,0,0
,28930235,0,1,0,0,0
,28937071,0,1,0,0,0
,28975800,1,0,0,0,0
,29137298,0,1,0,0,0
,29159503,1,0,0,0,0
,29181961,0,0,0,1,0
,29183979,0,1,0,0,0
,29190931,0,0,0,1,0
,29203869,0,1,0,0,0
,29233624,0,1,0,0,0
,29258841,1,0,0,0,0
,29276463,0,1,0,0,0
,29286085,0,1,0,0,0
,29288109,1,0,0,0,0
,29288855,0,1,0,0,0
,29337999,1,0,0,0,0
,29339495,1,0,0,0,0
,29357147,0,1,0,0,0
,29373435,0,1,0,0,0
,29382615,0,1,0,0,0
,29404923,0,1,0,0,0
,29409107,0,0,0,0,0
,29449729,1,0,0,0,0
,29466012,0,1,0,0,0
,29469912,0,1,0,0,0
,29483341,0,1,0,0,0
,29507091,0,0,1,0,0
,29522354,0,0,1,0,0
,29526729,0,1,0,0,0
,29533670,0,0,0,1,0
,29566006,0,1,0,0,0
,29566659,0,1,0,0,0
,29594455,0,1,0,0,0
,29650935,0,0,1,0,0
,29734327,0,1,0,0,0
,29735064,0,0,1,0,0
,29749427,0,1,0,0,0
,29751074,0,1,0,0,0
,29813098,1,0,0,0,0
,29826081,0,1,0,0,0
,29834942,0,1,0,0,0
,29870380,0,1,0,0,0
,29872176,0,1,0,0,0
,29883165,0,1,0,0,0
,29917859,0,1,0,0,0
,29927765,0,1,0,0,0
,29952898,0,1,0,0,0
,29964390,0,0,0,1,0
,29969485,0,1,0,0,0
,29989669,0,1,0,0,0
,30008841,0,1,0,0,0
,30010106,0,1,0,0,0
,30078887,0,0,1,0,0
,30079871,0,1,0,0,0
,30117779,0,1,0,0,0
,30139469,0,1,0,0,0
,30146628,0,1,0,0,0
,30148425,0,1,0,0,0
,30173751,0,1,0,0,0
,30180756,0,0,0,0,0
,30194991,0,1,0,0,0
,30200476,0,1,0,0,0
,30228062,0,1,0,0,0
,30251313,0,1,0,0,0
,30265491,0,1,0,0,0
,30275951,0,0,0,1,0
,30292104,0,0,0,0,1
,30310689,0,0,1,0,0
,30311783,1,0,0,0,0
,30326635,0,0,0,1,0
,30328965,0,1,0,0,0
,30354019,0,1,0,0,0
,30374423,0,0,0,1,0
,30378002,0,1,0,0,0
,30393718,0,1,0,0,0
,30415147,1,0,0,0,0
,30421808,0,1,0,0,0
,30428578,0,1,0,0,0
,30437827,0,1,0,0,0
,30446768,0,0,1,0,0
,30450961,0,1,0,0,0
,30455160,0,0,1,0,0
,30469465,0,1,0,0,0
,30482635,1,0,0,0,0
,30501986,0,1,0,0,0
,30527155,0,1,0,0,0
,30529529,0,1,0,0,0
,30603345,0,1,0,0,0
,30618550,0,1,0,0,0
,30650827,0,1,0,0,0
,30653595,0,0,1,0,0
,30663623,0,1,0,0,0
,30680061,0,1,0,0,0
,30694655,0,0,1,0,0
,30715978,1,0,0,0,0
,30721558,0,0,1,0,0
,30735054,0,1,0,0,0
,30747678,0,1,0,0,0
,30759334,0,1,0,0,0
,30767176,0,1,0,0,0
,30768801,1,0,0,0,0
,30771821,0,0,0,1,0
,30778950,0,1,0,0,0
,30786588,0,0,0,0,1
,30788971,0,1,0,0,0
,30801393,0,1,0,0,0
,30804358,0,1,0,0,0
,30810344,0,1,0,0,0
,30817007,0,1,0,0,0
,30830771,0,0,1,0,0
,30831483,0,0,1,0,0
,30842490,1,0,0,0,0
,30864225,0,0,1,0,0
,30885556,0,1,0,0,0
,30893499,0,1,0,0,0
,30906380,0,1,0,0,0
,30922324,0,0,1,0,0
,30928077,0,1,0,0,0
,30930382,0,0,1,0,0
,30949310,0,1,0,0,0
,30972617,0,0,1,0,0
,30974512,0,1,0,0,0
,30974726,0,0,1,0,0
,30984286,0,1,0,0,0
,30996182,0,1,0,0,0
,30996914,0,0,1,0,0
,31066853,0,1,0,0,0
,31074150,0,1,0,0,0
,31095124,0,1,0,0,0
,31100224,0,0,1,0,0
,31113752,0,0,1,0,0
,31117827,0,1,0,0,0
,31156948,0,1,0,0,0
,31160314,0,1,0,0,0
,31163174,0,0,1,0,0
,31180204,0,0,1,0,0
,31191316,0,1,0,0,0
,31216885,0,1,0,0,0
,31224839,0,1,0,0,0
,31233159,0,1,0,0,0
,31233227,0,0,0,0,0
,31233753,0,1,0,0,0
,31246067,0,1,0,0,0
,31252617,1,0,0,0,0
,31262973,0,0,0,1,0
,31265691,1,0,0,0,0
,31267269,0,0,0,1,0
,31284972,0,1,0,0,0
,31288060,0,0,1,0,0
,31305390,1,0,0,0,0
,31335505,0,1,0,0,0
,31341012,0,1,0,0,0
,31350788,0,0,1,0,0
,31353045,0,1,0,0,0
,31365464,1,0,0,0,0
,31405392,0,1,0,0,0
,31408693,0,0,1,0,0
,31412034,0,1,0,0,0
,31419179,0,1,0,0,0
,31453014,0,1,0,0,0
,31456969,0,1,0,0,0
,31473811,0,0,1,0,0
,31504852,0,0,1,0,0
,31565542,0,1,0,0,0
,31572387,0,1,0,0,0
,31582819,0,1,0,0,0
,31607637,0,0,0,1,0
,31614065,0,1,0,0,0
,31616437,0,1,0,0,0
,31634384,0,1,0,0,0
,31642372,0,0,1,0,0
,31669561,0,1,0,0,0
,31671378,0,1,0,0,0
,31671854,1,0,0,0,0
,31678195,0,1,0,0,0
,31696661,0,1,0,0,0
,31697510,0,1,0,0,0
,31707748,0,1,0,0,0
,31709377,0,1,0,0,0
,31714097,1,0,0,0,0
,31730258,0,1,0,0,0
,31732599,0,1,0,0,0
,31733695,0,0,0,1,0
,31744868,0,1,0,0,0
,31746857,0,0,1,0,0
,31750366,0,0,0,1,0
,31751929,0,1,0,0,0
,31764369,1,0,0,0,0
,31766644,1,0,0,0,0
,31769865,0,1,0,0,0
,31805539,0,1,0,0,0
,31805757,0,1,0,0,0
,31822222,0,1,0,0,0
,31884501,0,0,0,1,0
,31887200,0,1,0,0,0
,31893115,0,1,0,0,0
,31893471,0,0,1,0,0
,31994227,0,1,0,0,0
,31994857,0,1,0,0,0
,32002169,0,1,0,0,0
,32012997,0,1,0,0,0
,32019665,1,0,0,0,0
,32030477,0,1,0,0,0
,32032794,0,1,0,0,0
,32041728,0,0,1,0,0
,32073131,1,0,0,0,0
,32076460,0,1,0,0,0
,32078602,0,1,0,0,0
,32084509,0,0,1,0,0
,32094834,1,0,0,0,0
,32097519,0,1,0,0,0
,32115731,0,0,1,0,0
,32145723,0,1,0,0,0
,32147028,0,0,1,0,0
,32173677,0,1,0,0,0
,32191396,0,1,0,0,0
,32200186,0,1,0,0,0
,32208709,0,0,0,1,0
,32213816,0,1,0,0,0
,32213818,0,0,1,0,0
,32228905,0,0,1,0,0
,32274921,0,0,1,0,0
,32288817,1,0,0,0,0
,32295152,1,0,0,0,0
,32296028,0,1,0,0,0
,32304070,1,0,0,0,0
,32340060,0,1,0,0,0
,32412289,0,0,1,0,0
,32425115,0,1,0,0,0
,32477584,0,1,0,0,0
,32500358,0,1,0,0,0
,32509348,0,0,1,0,0
,32511770,0,1,0,0,0
,32521597,0,1,0,0,0
,32522074,0,0,1,0,0
,32527088,0,0,1,0,0
,32527579,0,1,0,0,0
,32551162,0,0,0,1,0
,32558450,0,1,0,0,0
,32590837,0,1,0,0,0
,32598424,0,1,0,0,0
,32613252,1,0,0,0,0
,32615604,0,0,1,0,0
,32626418,0,0,1,0,0
,32629965,0,1,0,0,0
,32635380,1,0,0,0,0
,32639900,0,1,0,0,0
,32674673,0,0,1,0,0
,32691165,0,1,0,0,0
,32725579,0,1,0,0,0
,32754724,0,1,0,0,0
,32757422,0,1,0,0,0
,32831311,0,1,0,0,0
,32845734,1,0,0,0,0
,32850199,0,1,0,0,0
,32890459,0,1,0,0,0
,32891875,0,0,1,0,0
,32895419,0,1,0,0,0
,32896821,0,1,0,0,0
,32913731,0,0,1,0,0
,32937850,0,0,1,0,0
,32963204,0,1,0,0,0
,32967177,0,0,0,1,0
,33004977,0,1,0,0,0
,33023512,0,0,1,0,0
,33023840,0,1,0,0,0
,33046621,0,1,0,0,0
,33048675,0,1,0,0,0
,33062996,0,1,0,0,0
,33071823,0,1,0,0,0
,33077582,0,1,0,0,0
,33089346,0,1,0,0,0
,33100520,0,1,0,0,0
,33117309,0,1,0,0,0
,33119982,1,0,0,0,0
,33129407,0,0,1,0,0
,33136751,0,1,0,0,0
,33143951,0,1,0,0,0
,33158139,0,1,0,0,0
,33168604,1,0,0,0,0
,33173561,0,1,0,0,0
,33195324,0,1,0,0,0
,33225173,0,0,1,0,0
,33281798,0,1,0,0,0
,33298459,0,1,0,0,0
,33312162,0,1,0,0,0
,33317835,0,0,1,0,0
,33319805,0,1,0,0,0
,33361979,1,0,0,0,0
,33378625,0,0,1,0,0
,33379085,0,1,0,0,0
,33381383,0,1,0,0,0
,33381954,0,1,0,0,0
,33382362,0,1,0,0,0
,33407046,0,1,0,0,0
,33408471,0,0,1,0,0
,33410921,0,1,0,0,0
,33413864,0,1,0,0,0
,33414202,0,0,1,0,0
,33417735,0,0,1,0,0
,33419741,0,0,1,0,0
,33443097,0,0,1,0,0
,33444208,0,0,1,0,0
,33448354,0,0,0,1,0
,33513103,0,0,1,0,0
,33522521,0,0,1,0,0
,33523957,0,0,1,0,0
,33541484,0,0,1,0,0
,33565646,0,1,0,0,0
,33608705,0,1,0,0,0
,33661739,0,1,0,0,0
,33663340,1,0,0,0,0
,33665726,0,1,0,0,0
,33677473,0,1,0,0,0
,33682892,0,1,0,0,0
,33720410,0,1,0,0,0
,33722659,0,1,0,0,0
,33723714,0,1,0,0,0
,33732109,0,1,0,0,0
,33761911,0,1,0,0,0
,33781743,0,0,1,0,0
,33825558,1,0,0,0,0
,33852207,1,0,0,0,0
,33855608,0,0,0,0,0
,33877033,0,1,0,0,0
,33888524,0,1,0,0,0
,33890766,0,0,1,0,0
,33928169,0,1,0,0,0
,33952563,1,0,0,0,0
,33953539,0,0,1,0,0
,33953942,0,0,1,0,0
,33972543,0,0,0,1,0
,33973328,0,1,0,0,0
,33990996,0,1,0,0,0
,33993101,0,0,1,0,0
,34001967,0,1,0,0,0
,34011207,0,0,1,0,0
,34013086,0,1,0,0,0
,34013621,0,0,1,0,0
,34064938,0,1,0,0,0
,34087967,0,0,0,1,0
,34089505,0,1,0,0,0
,34098607,0,1,0,0,0
,34127012,1,0,0,0,0
,34133949,0,1,0,0,0
,34159471,1,0,0,0,0
,34161310,0,1,0,0,0
,34173435,0,1,0,0,0
,34176780,0,0,0,1,0
,34207294,1,0,0,0,0
,34217953,0,1,0,0,0
,34235354,0,1,0,0,0
,34244491,0,0,0,1,0
,34247719,0,1,0,0,0
,34248163,0,1,0,0,0
,34249695,0,1,0,0,0
,34251641,0,0,1,0,0
,34264192,0,1,0,0,0
,34266073,1,0,0,0,0
,34267325,0,1,0,0,0
,34276760,0,1,0,0,0
,34300998,0,0,0,1,0
,34302137,0,1,0,0,0
,34304965,1,0,0,0,0
,34324655,0,1,0,0,0
,34335139,0,1,0,0,0
,34341674,0,1,0,0,0
,34359553,1,0,0,0,0
,34426460,0,1,0,0,0
,34437159,0,1,0,0,0
,34443271,0,1,0,0,0
,34462129,0,0,1,0,0
,34518228,0,1,0,0,0
,34520114,0,1,0,0,0
,34557351,1,0,0,0,0
,34568446,0,0,1,0,0
,34570228,1,0,0,0,0
,34590945,0,1,0,0,0
,34601747,0,1,0,0,0
,34602625,0,1,0,0,0
,34622513,0,1,0,0,0
,34625232,0,1,0,0,0
,34636891,0,1,0,0,0
,34644527,0,1,0,0,0
,34647668,0,1,0,0,0
,34678946,0,0,1,0,0
,34702095,0,1,0,0,0
,34715816,0,1,0,0,0
,34716789,0,1,0,0,0
,34753737,0,1,0,0,0
,34763624,0,0,1,0,0
,34768672,0,1,0,0,0
,34771340,0,1,0,0,0
,34782907,0,0,0,1,0
,34794964,0,1,0,0,0
,34800776,0,1,0,0,0
,34801620,0,0,1,0,0
,34829602,0,1,0,0,0
,34854061,0,1,0,0,0
,34894548,1,0,0,0,0
,34904833,0,1,0,0,0
,34905799,0,1,0,0,0
,34907046,0,1,0,0,0
,34913362,0,1,0,0,0
,34936169,0,1,0,0,0
,34942014,0,1,0,0,0
,34952323,0,0,1,0,0
,34952340,0,1,0,0,0
,34962247,0,1,0,0,0
,34964225,0,0,1,0,0
,34971629,0,1,0,0,0
,34974971,0,1,0,0,0
,34980902,1,0,0,0,0
,34995593,0,1,0,0,0
,34997649,0,1,0,0,0
,35019887,0,1,0,0,0
,35023841,0,1,0,0,0
,35026748,0,1,0,0,0
,35029642,0,0,1,0,0
,35057008,0,1,0,0,0
,35087867,0,1,0,0,0
,35108805,0,1,0,0,0
,35108966,0,1,0,0,0
,35119341,0,1,0,0,0
,35121424,0,1,0,0,0
,35129931,0,1,0,0,0
,35133882,0,1,0,0,0
,35133895,0,0,1,0,0
,35137403,0,1,0,0,0
,35147548,0,0,1,0,0
,35155884,0,0,1,0,0
,35164159,0,0,1,0,0
,35191495,0,1,0,0,0
,35206013,0,0,1,0,0
,35210491,0,1,0,0,0
,35211240,0,1,0,0,0
,35217706,0,1,0,0,0
,35218540,0,1,0,0,0
,35223398,0,1,0,0,0
,35230451,1,0,0,0,0
,35230734,1,0,0,0,0
,35234872,0,1,0,0,0
,35247039,0,1,0,0,0
,35271656,0,0,1,0,0
,35272255,0,1,0,0,0
,35289757,0,1,0,0,0
,35297829,0,1,0,0,0
,35307231,1,0,0,0,0
,35312428,1,0,0,0,0
,35318215,0,1,0,0,0
,35326962,0,1,0,0,0
,35363726,0,1,0,0,0
,35421212,0,0,1,0,0
,35448337,1,0,0,0,0
,35460305,0,1,0,0,0
,35461050,0,1,0,0,0
,35472031,1,0,0,0,0
,35476558,0,1,0,0,0
,35479467,0,0,1,0,0
,35481952,0,0,0,1,0
,35500109,0,1,0,0,0
,35521138,0,1,0,0,0
,35521242,0,1,0,0,0
,35523397,0,0,0,1,0
,35526793,0,1,0,0,0
,35527457,0,1,0,0,0
,35532507,0,1,0,0,0
,35539823,0,1,0,0,0
,35540809,0,0,1,0,0
,35548944,0,0,1,0,0
,35557259,0,1,0,0,0
,35576053,0,1,0,0,0
,35590247,0,1,0,0,0
,35591298,0,1,0,0,0
,35596171,0,1,0,0,0
,35614134,0,0,0,0,0
,35617132,0,1,0,0,0
,35617347,0,0,1,0,0
,35626670,0,1,0,0,0
,35633124,0,1,0,0,0
,35633891,0,1,0,0,0
,35636623,0,1,0,0,0
,35639513,0,0,1,0,0
,35647624,0,1,0,0,0
,35647892,0,1,0,0,0
,35650395,0,1,0,0,0
,35659281,1,0,0,0,0
,35689318,1,0,0,0,0
,35695380,0,0,0,0,0
,35703160,0,1,0,0,0
,35709886,0,1,0,0,0
,35710281,0,1,0,0,0
,35714273,0,1,0,0,0
,35714449,0,1,0,0,0
,35722646,0,0,0,1,0
,35745860,0,1,0,0,0
,35795198,0,1,0,0,0
,35815097,0,0,1,0,0
,35820221,0,1,0,0,0
,35822219,0,1,0,0,0
,35822958,0,1,0,0,0
,35826015,1,0,0,0,0
,35827011,0,1,0,0,0
,35841408,1,0,0,0,0
,35846880,0,1,0,0,0
,35861690,0,1,0,0,0
,35871838,0,1,0,0,0
,35872414,0,1,0,0,0
,35875059,0,1,0,0,0
,35875277,0,1,0,0,0
,35875438,0,1,0,0,0
,35875688,0,1,0,0,0
,35890656,1,0,0,0,0
,35908863,0,1,0,0,0
,35914513,0,1,0,0,0
,35921863,0,1,0,0,0
,35927905,0,1,0,0,0
,35928676,0,1,0,0,0
,35931610,0,1,0,0,0
,35939641,1,0,0,0,0
,35944705,1,0,0,0,0
,35946801,0,1,0,0,0
,35948365,0,1,0,0,0
,35949606,1,0,0,0,0
,35972918,1,0,0,0,0
,35989179,0,1,0,0,0
,35993444,0,0,1,0,0
,36012851,1,0,0,0,0
,36016901,0,1,0,0,0
,36029236,0,0,1,0,0
,36032836,0,1,0,0,0
,36073383,0,1,0,0,0
,36074588,0,1,0,0,0
,36086168,0,1,0,0,0
,36097673,1,0,0,0,0
,36112706,0,1,0,0,0
,36116105,0,1,0,0,0
,36135819,0,1,0,0,0
,36139062,0,0,1,0,0
,36140620,1,0,0,0,0
,36143809,0,1,0,0,0
,36154998,0,0,1,0,0
,36156113,0,1,0,0,0
,36156833,0,1,0,0,0
,36158553,0,1,0,0,0
,36160253,1,0,0,0,0
,36162014,0,0,0,0,1
,36162163,0,1,0,0,0
,36172390,0,1,0,0,0
,36180532,0,1,0,0,0
,36182793,0,1,0,0,0
,36186838,0,1,0,0,0
,36189312,0,1,0,0,0
,36205032,0,1,0,0,0
,36208347,0,1,0,0,0
,36222158,1,0,0,0,0
,36226175,0,1,0,0,0
,36226408,0,0,1,0,0
,36238273,0,1,0,0,0
,36249064,0,0,0,0,1
,36255944,0,1,0,0,0
,36268978,1,0,0,0,0
,36286449,0,1,0,0,0
,36294617,0,1,0,0,0
,36305922,0,1,0,0,0
,36309222,0,0,1,0,0
,36313179,1,0,0,0,0
,36318294,0,1,0,0,0
,36330965,0,0,0,1,0
,36340556,0,1,0,0,0
,36346184,0,1,0,0,0
,36346486,0,1,0,0,0
,36352462,0,1,0,0,0
,36366404,0,1,0,0,0
,36391190,0,0,0,1,0
,36399768,0,0,1,0,0
,36412854,0,1,0,0,0
,36421852,0,0,0,1,0
,36439357,0,1,0,0,0
,36446708,0,1,0,0,0
,36448415,0,1,0,0,0
,36451273,0,0,1,0,0
,36453478,0,1,0,0,0
,36462537,0,1,0,0,0
,36489347,1,0,0,0,0
,36491404,0,1,0,0,0
,36494435,1,0,0,0,0
,36499136,1,0,0,0,0
,36504131,1,0,0,0,0
,36504778,0,1,0,0,0
,36508162,0,1,0,0,0
,36541341,0,1,0,0,0
,36543579,0,1,0,0,0
,36564704,0,0,0,1,0
,36564965,1,0,0,0,0
,36593864,0,0,1,0,0
,36594350,0,1,0,0,0
,36602831,0,0,1,0,0
,36607512,0,1,0,0,0
,36609915,0,0,1,0,0
,36615663,0,1,0,0,0
,36616942,0,1,0,0,0
,36645699,0,1,0,0,0
,36653501,0,0,1,0,0
,36656809,0,1,0,0,0
,36659423,1,0,0,0,0
,36664254,0,1,0,0,0
,36664680,0,1,0,0,0
,36666196,1,0,0,0,0
,36673921,1,0,0,0,0
,36681596,0,1,0,0,0
,36690608,0,1,0,0,0
,36695059,0,1,0,0,0
,36704722,0,1,0,0,0
,36708265,0,1,0,0,0
,36722431,0,1,0,0,0
,36728702,0,1,0,0,0
,36738578,0,1,0,0,0
,36741931,1,0,0,0,0
,36741981,1,0,0,0,0
,36749888,0,1,0,0,0
,36768400,0,1,0,0,0
,36773288,0,1,0,0,0
,36774551,1,0,0,0,0
,36780699,0,1,0,0,0
,36793769,0,1,0,0,0
,36802364,0,1,0,0,0
,36806788,0,1,0,0,0
,36811088,0,0,1,0,0
,36813765,0,1,0,0,0
,36818042,0,1,0,0,0
,36820523,0,1,0,0,0
,36826310,0,1,0,0,0
,36829208,0,1,0,0,0
,36829323,0,1,0,0,0
,36845745,1,0,0,0,0
,36845977,1,0,0,0,0
,36848089,0,1,0,0,0
,36857254,0,0,1,0,0
,36863883,0,1,0,0,0
,36864574,0,1,0,0,0
,36867471,1,0,0,0,0
,36868000,1,0,0,0,0
,36874272,0,1,0,0,0
,36874635,0,1,0,0,0
,36880003,1,0,0,0,0
,36882970,0,1,0,0,0
,36894095,0,0,1,0,0
,36896940,0,0,1,0,0
,36902259,0,0,1,0,0
,36911454,0,1,0,0,0
,36917641,0,0,1,0,0
,36918037,0,0,1,0,0
,36922910,1,0,0,0,0
,36929550,1,0,0,0,0
,36929900,1,0,0,0,0
,36948899,0,0,1,0,0
,36950300,0,1,0,0,0
,36958332,1,0,0,0,0
,36966641,1,0,0,0,0
,36971789,0,1,0,0,0
,36975676,0,1,0,0,0
,36975895,0,1,0,0,0
,36978976,0,1,0,0,0
,36984289,0,1,0,0,0
,36990844,0,1,0,0,0
,36991932,0,1,0,0,0
,36993813,0,1,0,0,0
,36994011,0,0,1,0,0
,36995097,0,0,0,1,0
,36997980,0,1,0,0,0
,36998585,0,1,0,0,0
,37001433,0,1,0,0,0
,37005915,0,0,1,0,0
,37006785,0,0,1,0,0
,37008502,0,1,0,0,0
,37008509,0,1,0,0,0
,37012972,1,0,0,0,0
,37015950,0,1,0,0,0
,37027919,1,0,0,0,0
,37030669,0,1,0,0,0
,37034522,0,1,0,0,0
,37039157,0,0,1,0,0
,37051624,0,0,0,1,0
,37060033,1,0,0,0,0
,37063078,0,1,0,0,0
,37064501,0,1,0,0,0
,37066183,0,1,0,0,0
,37079844,0,1,0,0,0
,37094914,0,1,0,0,0
,37096770,0,1,0,0,0
,37099264,0,1,0,0,0
,37103535,0,1,0,0,0
,37108963,0,0,0,0,0
,37110447,0,1,0,0,0
,37120674,0,1,0,0,0
,37129500,0,1,0,0,0
,37131301,1,0,0,0,0
,37138004,0,1,0,0,0
,37142871,0,1,0,0,0
,37143705,0,1,0,0,0
,37151243,1,0,0,0,0
,37151940,0,1,0,0,0
,37160136,0,1,0,0,0
,37162908,0,1,0,0,0
,37164317,0,1,0,0,0
,37168210,0,1,0,0,0
,37177410,0,0,1,0,0
,37178817,0,1,0,0,0
,37187621,0,1,0,0,0
,37188945,0,1,0,0,0
,37189442,0,1,0,0,0
,37189523,1,0,0,0,0
,37190183,0,1,0,0,0
,37193205,0,0,0,0,1
,37197149,0,1,0,0,0
,37197529,0,1,0,0,0
,37198794,1,0,0,0,0
,37199584,0,1,0,0,0
,37200745,0,1,0,0,0
,37205640,0,1,0,0,0
,37205964,0,1,0,0,0
,37215581,0,0,1,0,0
,37217915,0,1,0,0,0
,37218701,1,0,0,0,0
,37221426,0,1,0,0,0
,37237000,1,0,0,0,0
,37238098,0,1,0,0,0
,37248779,0,0,1,0,0
,37251388,0,0,0,1,0
,37269556,0,1,0,0,0
,37272806,0,1,0,0,0
,37275954,0,1,0,0,0
,37281402,0,1,0,0,0
,37289902,0,0,1,0,0
,37290217,0,1,0,0,0
,37301806,0,1,0,0,0
,37308347,0,1,0,0,0
,37309624,0,1,0,0,0
,37309990,0,1,0,0,0
,37310135,0,1,0,0,0
,37315546,0,1,0,0,0
,37316553,0,0,1,0,0
,37317723,0,1,0,0,0
,37323655,0,1,0,0,0
,37325167,0,1,0,0,0
,37331281,0,0,0,1,0
,37336802,0,1,0,0,0
,37340729,0,1,0,0,0
,37352977,0,1,0,0,0
,37355111,0,1,0,0,0
,37356838,0,1,0,0,0
,37357063,0,1,0,0,0
,37361237,0,1,0,0,0
,37362330,0,0,1,0,0
,37363648,1,0,0,0,0
,37364668,1,0,0,0,0
,37369371,0,1,0,0,0
,37370996,1,0,0,0,0
,37375375,0,1,0,0,0
,37377599,0,0,1,0,0
,37380418,0,1,0,0,0
,37383838,0,1,0,0,0
,37385852,0,1,0,0,0
,37392348,1,0,0,0,0
,37397763,0,1,0,0,0
,37408790,0,1,0,0,0
,37409697,0,1,0,0,0
,37411506,0,1,0,0,0
,37412058,0,1,0,0,0
,37412927,0,1,0,0,0
,37416768,1,0,0,0,0
,37419037,0,1,0,0,0
,37420625,0,0,0,1,0
,37421855,0,1,0,0,0
,37422904,0,1,0,0,0
,37430586,0,1,0,0,0
,37436718,0,1,0,0,0
,37439151,0,1,0,0,0
,37441226,0,1,0,0,0
,37442345,1,0,0,0,0
,37446476,0,1,0,0,0
,37448701,1,0,0,0,0
,37453087,1,0,0,0,0
,37455228,0,1,0,0,0
,37458897,0,1,0,0,0
,37460012,1,0,0,0,0
,37466112,0,1,0,0,0
,37466267,1,0,0,0,0
,37466302,0,1,0,0,0
,37468783,0,1,0,0,0
,37469250,0,1,0,0,0
,37469480,0,1,0,0,0
,37472054,0,0,1,0,0
,37477760,0,1,0,0,0
,37480119,0,1,0,0,0
,37483872,1,0,0,0,0
,37486375,0,1,0,0,0
,37489054,0,0,0,1,0
,37489090,0,1,0,0,0
,37490504,0,1,0,0,0
,37502198,0,1,0,0,0
,37502782,0,1,0,0,0
,37510656,0,1,0,0,0
,37511322,0,1,0,0,0
,37524738,0,1,0,0,0
,37526697,0,1,0,0,0
,37532306,0,0,1,0,0
,37540452,0,1,0,0,0
,37550621,0,0,1,0,0
,37562887,1,0,0,0,0
,37570751,0,1,0,0,0
,37571682,0,1,0,0,0
,37572659,0,1,0,0,0
,37574777,0,1,0,0,0
,37577151,1,0,0,0,0
,37605847,0,1,0,0,0
,37612690,0,1,0,0,0
,37613490,1,0,0,0,0
,37619522,0,1,0,0,0
,37627741,0,1,0,0,0
,37641667,0,1,0,0,0
,37649494,0,1,0,0,0
,37649813,0,1,0,0,0
,37654053,0,0,1,0,0
,37658414,0,1,0,0,0
,37671422,0,1,0,0,0
,37672170,0,1,0,0,0
,37672190,0,0,0,0,1
,37672420,0,1,0,0,0
,37676116,0,1,0,0,0
,37676545,0,1,0,0,0
,37680671,0,1,0,0,0
,37681183,0,1,0,0,0
,37682573,0,1,0,0,0
,37684644,0,1,0,0,0
,37689594,0,1,0,0,0
,37690222,0,0,0,1,0
,37690326,0,1,0,0,0
,37693616,0,1,0,0,0
,37699203,0,1,0,0,0
,37706903,0,1,0,0,0
,37710231,0,1,0,0,0
,37710985,0,1,0,0,0
,37712699,0,1,0,0,0
,37717107,0,1,0,0,0
,37717726,0,1,0,0,0
,37721325,0,1,0,0,0
,37723832,0,1,0,0,0
,37724242,0,1,0,0,0
,37724851,0,1,0,0,0
,37725140,1,0,0,0,0
,37725290,0,0,1,0,0
,37726341,0,1,0,0,0
,37729233,0,1,0,0,0
,37729459,0,1,0,0,0
,37736925,1,0,0,0,0
,37737588,0,1,0,0,0
,37739249,0,1,0,0,0
,37743349,0,1,0,0,0
,37745052,0,1,0,0,0
,37745093,0,1,0,0,0
,37746226,0,1,0,0,0
,37747629,0,1,0,0,0
,37755592,0,1,0,0,0
,37758326,0,0,0,1,0
,37759692,0,1,0,0,0
,37761402,0,1,0,0,0
,37762139,0,1,0,0,0
,37765778,0,1,0,0,0
,37769438,0,1,0,0,0
,37770459,0,1,0,0,0
,37773994,0,1,0,0,0
,37774222,0,1,0,0,0
,37776677,0,1,0,0,0
,37777085,0,1,0,0,0
,37777163,0,1,0,0,0
,37777245,1,0,0,0,0
,37777795,0,1,0,0,0
,37780095,0,1,0,0,0
,37782584,0,1,0,0,0
,37785266,0,1,0,0,0
,37795335,0,1,0,0,0
,37797139,0,1,0,0,0
,37797947,0,1,0,0,0
,37798429,0,1,0,0,0
,37799247,0,1,0,0,0
,37799403,0,1,0,0,0
,37801275,1,0,0,0,0
,37806221,0,1,0,0,0
,37806465,0,1,0,0,0
,37808215,0,1,0,0,0
,37810725,1,0,0,0,0
,37815590,0,1,0,0,0
,37816395,0,0,1,0,0
,37817898,0,1,0,0,0
,37828139,0,1,0,0,0
,37829157,0,1,0,0,0
,37831431,0,1,0,0,0
,37832992,0,1,0,0,0
,37835235,0,1,0,0,0
,37841852,0,0,1,0,0
,37843771,0,1,0,0,0
,37847426,0,1,0,0,0
,37848194,0,1,0,0,0
,37848208,0,1,0,0,0
,37848672,0,1,0,0,0
,37848983,0,1,0,0,0
,37849992,0,1,0,0,0
,37850982,0,1,0,0,0
,37852024,0,1,0,0,0
,37852320,1,0,0,0,0
,37854937,0,1,0,0,0
,37857907,0,1,0,0,0
,37861300,0,1,0,0,0
,37863080,0,1,0,0,0
,37865464,0,1,0,0,0
,37869275,1,0,0,0,0
,37872808,0,1,0,0,0
,37873002,0,1,0,0,0
,37874716,1,0,0,0,0
,37874841,0,1,0,0,0
,37875215,0,1,0,0,0
,37884533,1,0,0,0,0
,37886310,0,1,0,0,0
,37889800,0,1,0,0,0
,37890823,0,1,0,0,0
,37892459,0,1,0,0,0
,37895921,0,1,0,0,0
,37897735,0,1,0,0,0
,37904017,0,1,0,0,0
,37904797,0,1,0,0,0
,37904947,0,1,0,0,0
,37905143,0,1,0,0,0
,37905621,0,1,0,0,0
,37907559,0,1,0,0,0
,37911105,0,1,0,0,0
,37912482,0,1,0,0,0
,37912916,0,1,0,0,0
,37913249,0,1,0,0,0
,37913324,0,0,0,1,0
,37917365,0,0,1,0,0
,37919936,1,0,0,0,0
,37924024,0,0,1,0,0
,37927362,0,1,0,0,0
,37931814,0,1,0,0,0
,37934853,0,0,1,0,0
,37937059,0,1,0,0,0
,37937714,1,0,0,0,0
,37938466,0,1,0,0,0
,37939933,0,1,0,0,0
,37940489,0,1,0,0,0
,37941762,0,1,0,0,0
,37942228,0,1,0,0,0
,37944913,0,1,0,0,0
,37955035,0,1,0,0,0
,37957627,0,1,0,0,0
,37960854,0,1,0,0,0
,37962816,0,1,0,0,0
,37963294,0,0,1,0,0
,37963674,0,0,0,0,1
,37964720,0,1,0,0,0
,37967412,0,1,0,0,0
,37968956,0,1,0,0,0
,37969893,0,1,0,0,0
,37979922,0,0,1,0,0
,37981468,0,1,0,0,0
,37982312,0,1,0,0,0
,37982883,1,0,0,0,0
,37988087,0,1,0,0,0
,37989899,0,1,0,0,0
,37990964,0,1,0,0,0
,37991101,0,1,0,0,0
,37993348,0,1,0,0,0
,37994713,0,1,0,0,0
,37995152,1,0,0,0,0
,37995359,0,1,0,0,0
,37997442,0,1,0,0,0
,38013002,0,1,0,0,0
,38013136,0,1,0,0,0
,38015770,0,1,0,0,0
,38016920,0,1,0,0,0
,38017109,0,1,0,0,0
,38018792,0,1,0,0,0
,38019158,0,0,1,0,0
,38019740,0,1,0,0,0
,38023420,0,1,0,0,0
,38024185,0,1,0,0,0
,38025149,0,1,0,0,0
,38028610,0,1,0,0,0
,38031458,0,1,0,0,0
,38031668,0,1,0,0,0
,38032847,0,1,0,0,0
,38033259,0,1,0,0,0
,38037741,0,1,0,0,0
,38040157,0,1,0,0,0
,38045501,0,1,0,0,0
,38051116,0,0,1,0,0
,38051548,0,1,0,0,0
,38052363,0,1,0,0,0
,38052958,0,1,0,0,0
,38054689,0,1,0,0,0
,38057741,0,1,0,0,0
,38059310,0,1,0,0,0
,38060093,0,1,0,0,0
,38061684,0,1,0,0,0
,38065501,0,0,1,0,0
,38069390,0,1,0,0,0
,38070311,0,1,0,0,0
,38071183,0,1,0,0,0
,38072356,0,1,0,0,0
,38072751,0,1,0,0,0
,38073302,0,0,0,1,0
,38076607,0,1,0,0,0
,38077882,0,1,0,0,0
,38080280,0,1,0,0,0
,38089827,0,1,0,0,0
,38094122,0,0,0,1,0
,38094772,1,0,0,0,0
,38098650,0,0,1,0,0
,38101051,0,1,0,0,0
,38109619,0,1,0,0,0
,38111937,0,1,0,0,0
,38112282,0,1,0,0,0
,38113534,1,0,0,0,0
,38117291,1,0,0,0,0
,38121787,0,1,0,0,0
,38125128,0,1,0,0,0
,38126147,0,1,0,0,0
,38128196,0,1,0,0,0
,38128792,0,0,1,0,0
,38130757,0,1,0,0,0
,38135363,0,1,0,0,0
,38138034,0,1,0,0,0
,38140776,0,1,0,0,0
,38140890,0,0,1,0,0
,38141492,0,1,0,0,0
,38143312,0,1,0,0,0
,38145500,0,1,0,0,0
,38147493,0,0,1,0,0
,38148640,0,1,0,0,0
,38149973,0,1,0,0,0
,38150084,0,1,0,0,0
,38154747,0,1,0,0,0
,38157471,0,1,0,0,0
,38157666,0,1,0,0,0
,38159633,0,1,0,0,0
,38159717,0,0,0,1,0
,38163410,0,1,0,0,0
,38164442,0,1,0,0,0
,38166114,0,1,0,0,0
,38167007,0,1,0,0,0
,38167347,0,0,0,1,0
,38168201,0,1,0,0,0
,38169793,0,1,0,0,0
,38171268,1,0,0,0,0
,38171777,0,1,0,0,0
,38174751,0,1,0,0,0
,38175010,0,0,1,0,0
,38175043,0,1,0,0,0
,38179185,0,1,0,0,0
,38183955,0,1,0,0,0
,38188693,0,1,0,0,0
,38189541,0,1,0,0,0
,38190023,0,1,0,0,0
,38194887,0,1,0,0,0
,38195087,0,1,0,0,0
,38199535,0,1,0,0,0
,38202970,0,1,0,0,0
,38205237,0,1,0,0,0
,38212748,0,1,0,0,0
,38214302,0,1,0,0,0
,38215117,0,1,0,0,0
,38215833,0,1,0,0,0
,38216120,0,1,0,0,0
,38216160,0,0,1,0,0
,38217087,0,1,0,0,0
,38217911,0,1,0,0,0
,38218342,0,1,0,0,0
,38219505,0,1,0,0,0
,38219792,0,0,1,0,0
,38223311,0,1,0,0,0
,38223693,0,1,0,0,0
,38223929,1,0,0,0,0
,38226145,0,1,0,0,0
,38226335,0,1,0,0,0
,38226431,0,0,1,0,0
,38228943,0,1,0,0,0
,38230127,0,1,0,0,0
,38239491,0,1,0,0,0
,38241562,0,1,0,0,0
,38242341,0,0,1,0,0
,38243658,1,0,0,0,0
,38244908,1,0,0,0,0
,38252862,0,0,1,0,0
,38254352,0,1,0,0,0
,38254859,0,0,1,0,0
,38256916,0,1,0,0,0
,38257309,0,1,0,0,0
,38258498,0,1,0,0,0
,38259049,0,1,0,0,0
,38260270,1,0,0,0,0
,38260341,1,0,0,0,0
,38273218,0,1,0,0,0