seller_id,max_fvf
951,19
1698,13
2078,3.5
3218,9
3464,13
4725,19
5127,19
6476,9
6630,9
6726,9
6982,9
7424,6
8545,13
9544,19
10162,13
10563,13
11828,13
14616,3.5
14839,9
19409,9
20776,9
21587,13
24041,19
25978,9
28361,13
28951,9
32222,13
34474,19
34832,3.5
35072,16
35919,9
36431,9
37332,13
38096,13
38390,9
38985,9
39384,13
41515,17
41915,9
46468,9
46522,13
48296,13
48513,16
48552,9
48689,19
49989,9
50619,9
52226,19
54052,19
54628,6
60752,3.5
61094,13
61938,9
68647,9
71305,9
71439,6
72181,9
76132,9
80410,19
82945,9
84480,13
88199,9
88648,9
89970,9
95307,19
103970,9
113076,19
114944,9
115057,13
116623,9
120467,9
123801,19
126044,3.5
138991,9
142832,6
145362,9
146073,9
161804,13
164037,13
168856,9
177720,13
186512,9
189435,3.5
198023,19
206208,9
225122,9
229114,6
236667,16
241293,9
246154,30
250825,13
255976,3.5
270265,13
291755,16
302226,3.5
305158,9
306100,9
308297,19
310458,19
312094,9
315619,16
318622,9
318833,13
320868,13
322453,13
323625,13
324748,13
338980,9
341698,3.5
342195,13
343097,9
344669,13
348922,9
350410,9
352235,13
360857,3.5
367222,9
367485,9
367877,13
368127,9
377073,30
391510,9
403525,9
404249,13
410087,9
412921,9
415237,6
415399,19
415555,13
417295,13
421183,9
427031,13
430366,16
438044,9
444274,9
451670,9
457248,3.5
465384,16
492716,30
493460,13
497833,9
501382,13
509758,9
519473,3.5
523135,9
526363,9
539401,9
541975,6
541992,13
556710,9
565445,13
574141,16
575725,3.5
585827,9
587188,6
587992,19
590866,9
601556,19
609551,13
624965,9
643290,9
645026,13
658564,9
661803,16
668929,9
675308,9
690403,9
692909,9
718663,9
719818,9
725429,9
748963,13
756585,13
776896,30
777945,13
788127,13
794618,13
795042,9
796044,13
811152,19
812661,13
822757,9
832083,9
839323,9
851199,9
851650,13
857043,9
862365,13
867589,13
872760,19
882896,3.5
894021,6
900775,13
905613,19
919049,16
922667,3.5
923995,9
932229,19
935138,6
951337,9
970496,9
978231,13
1005491,19
1039229,13
1041098,13
1041755,3.5
1043076,9
1043222,19
1059459,13
1064747,3.5
1075680,19
1076279,13
1077754,9
1088076,19
1109366,9
1147896,13
1153028,13
1182232,9
1187995,9
1201868,9
1206314,6
1232746,9
1243682,9
1267913,9
1306601,19
1333796,9
1347269,9
1353517,9
1360321,9
1381988,6
1412649,13
1420890,9
1454689,9
1465144,30
1466825,9
1481832,13
1483763,9
1512448,17
1549818,30
1556441,13
1567688,9
1569065,6
1600984,9
1602422,9
1608747,19
1615383,13
1636211,19
1648066,9
1648240,19
1716111,9
1950011,9
2019971,9
2075931,13
2128821,9
2179001,9
2447351,9
2482111,6
2559371,13
2608101,13
2636891,16
2673191,9
2781591,19
3058011,9
3068971,3.5
3080421,19
3107851,13
3196461,30
3218391,9
3325991,9
3553031,9
3585991,9
3831611,13
3848741,9
3904921,9
3914095,19
3984983,6
4000601,9
4028651,19
4053569,13
4082583,30
4089205,3.5
4112355,13
4123559,13
4129149,13
4129257,3.5
4130067,9
4165335,9
4167947,9
4170919,9
4179715,19
4180623,9
4222337,9
4231581,19
4233447,9
4249241,9
4252807,9
4261407,9
4280751,9
4286295,13
4288533,9
4291937,13
4296921,9
4328907,3.5
4335175,13
4342691,9
4345549,9
4366095,13
4369027,9
4376021,13
4376391,6
4376467,6
4387863,9
4390949,9
4399323,13
4408073,9
4420181,9
4435375,13
4443159,13
4455173,13
4462339,9
4512193,9
4522105,9
4564899,13
4595697,16
4616045,13
4625185,19
4634873,9
4647375,13
4654267,3.5
4655395,13
4656979,9
4658083,9
4664219,13
4751295,13
4768305,9
4784567,9
4802851,6
4871009,13
4913647,9
4992651,16
4998007,13
5007763,13
5020533,13
5078877,9
5080475,9
5084709,3.5
5092959,19
5110835,9
5119279,9
5137055,19
5139043,13
5166277,13
5173197,30
5180461,9
5218305,19
5243799,19
5252897,30
5261813,16
5315931,9
5321237,13
5322731,9
5327749,13
5377295,9
5380249,19
5380343,13
5409507,3.5
5433265,13
5434429,19
5438099,13
5442831,9
5453399,13
5483313,13
5494759,30
5497627,13
5505645,9
5521395,9
5521841,9
5525471,19
5539667,19
5541077,13
5542525,13
5551223,9
5558305,19
5581973,3.5
5606685,9
5611377,9
5614171,3.5
5650831,9
5655773,13
5693599,9
5753779,16
5758835,30
5763845,16
5789355,13
5792029,9
5797421,9
5816743,13
5819035,30
5823865,13
5868547,13
5881189,9
5903325,9
5950659,9
5951037,13
5953129,13
5970551,9
5971313,9
5995685,9
5999803,9
6003331,13
6010239,9
6011257,16
6035451,9
6035965,30
6037495,9
6054879,9
6068025,9
6080829,13
6083043,13
6084285,19
6106023,13
6140001,30
6154661,19
6158977,13
6168639,9
6177189,3.5
6192609,19
6196837,9
6201935,9
6216227,30
6220827,3.5
6225243,13
6236651,30
6247237,13
6255949,19
6256083,3.5
6308287,9
6320339,13
6327225,9
6340541,13
6344299,9
6430185,9
6458897,13
6489221,13
6557189,13
6586611,19
6638063,30
6671053,16
6681329,13
6681995,6
6726963,16
6818271,16
6825433,6
6833369,9
6850281,13
6857931,13
6860355,6
6869629,9
6871459,9
6871489,3.5
6873511,13
6878037,13
6902255,3.5
6924935,13
6928251,16
6971179,9
6992439,13
7003695,13
7012889,3.5
7025989,6
7028327,13
7030721,9
7032991,13
7049725,9
7055705,3.5
7063897,13
7078461,9
7080279,19
7084925,30
7086559,9
7101757,19
7102243,13
7103361,9
7185675,13
7191525,16
7213419,9
7221897,9
7235423,30
7237643,19
7247445,9
7254087,9
7270225,9
7276407,9
7280049,16
7288221,9
7291369,13
7307061,16
7332067,16
7332379,19
7344623,9
7345015,13
7380133,19
7387709,9
7406549,19
7429815,13
7523769,13
7539369,3.5
7560441,30
7613413,9
7647921,9
7649157,16
7658337,13
7658837,30
7671801,9
7672571,19
7690041,9
7696563,9
7704409,13
7705285,30
7720383,13
7735349,19
7757223,9
7761705,16
7762483,9
7765391,19
7778993,13
7811167,9
7843863,13
7905369,13
7978213,13
7980265,9
7980923,13
7992881,9
8015241,9
8025007,19
8063001,9
8088697,9
8100459,30
8103259,13
8104993,13
8112083,16
8127821,9
8138343,9
8143667,13
8165629,9
8181911,9
8188797,13
8206813,9
8218869,16
8237697,9
8245953,13
8251661,9
8310643,9
8323917,9
8326989,16
8345861,30
8354753,13
8366293,9
8369555,9
8395253,9
8399629,9
8415295,9
8430095,9
8446995,9
8477249,19
8499201,9
8516003,13
8527545,19
8551043,9
8569883,13
8590223,9
8598559,19
8620019,19
8630031,30
8631671,9
8631771,13
8639337,9
8649091,16
8658007,9
8678633,13
8685039,9
8708221,30
8733609,13
8742113,13
8746775,9
8750359,13
8764947,9
8768347,9
8787245,3.5
8802849,30
8825925,9
8849799,30
8856521,9
8857141,16
8865363,9
8872859,9
8889671,9
8897697,9
8923135,13
8929043,9
8937685,16
8959283,19
8962849,9
8970623,9
8974937,19
8976055,13
9030705,3.5
9032809,9
9050283,9
9099361,13
9104653,13
9131417,30
9140349,9
9156969,13
9159309,9
9187573,19
9193455,13
9224471,19
9235503,6
9257799,30
9286741,13
9297967,9
9301413,9
9333601,19
9364239,9
9418417,13
9435705,19
9458381,16
9502409,9
9533173,6
9554377,9
9560413,3.5
9561083,19
9573677,9
9589153,6
9609673,9
9643285,9
9646415,9
9679915,13
9700235,9
9714205,9
9714597,13
9716597,13
9722307,9
9733067,13
9744601,30
9744983,9
9747061,16
9755335,9
9769010,9
9777126,9
9778727,16
9783620,13
9790193,9
9809905,9
9812387,9
9813819,9
9829199,13
9830665,13
9845925,6
9848541,16
9852073,13
9856674,19
9857768,9
9865581,30
9873450,16
9921691,13
9925282,9
9925726,13
9930668,9
9934152,13
9942230,13
9955223,9
9958935,9
9965671,9
9971642,13
9981811,13
10004846,9
10012188,9
10015366,9
10016182,6
10019460,9
10023066,9
10034321,13
10035007,13
10062148,13
10065530,13
10103603,19
10105002,19
10122666,19
10127627,30
10128140,16
10146218,9
10185208,9
10189411,13
10189684,9
10206406,13
10209171,19
10222534,30
10248350,13
10262991,9
10264937,19
10304967,13
10316092,19
10369625,9
10372303,9
10373682,3.5
10379187,16
10384784,9
10400474,30
10403553,13
10417307,13
10430328,13
10435554,16
10441285,13
10444272,9
10446595,9
10448725,3.5
10457754,9
10481536,6
10485663,9
10492828,13
10502072,19
10522484,13
10532579,9
10541237,13
10548316,9
10550534,9
10551327,13
10557563,9
10579778,13
10599253,30
10599487,9
10609329,13
10612064,9
10619412,9
10656698,9
10660150,9
10665096,13
10674733,9
10680009,13
10706524,6
10717081,9
10720540,13
10737556,3.5
10737648,3.5
10743891,9
10745516,13
10760342,19
10786587,13
10797239,13
10810595,9
10848552,16
10862473,9
10863024,16
10870906,3.5
10871142,13
10872890,9
10879101,9
10889055,13
10896376,9
10899723,13
10913576,19
10922438,9
10932015,13
10945978,19
10957335,13
11005801,9
11015819,9
11021292,6
11024522,19
11036391,9
11043181,6
11043187,30
11046885,13
11069301,9
11080636,9
11093553,13
11096179,9
11109252,9
11111050,13
11127952,9
11137253,6
11156134,9
11165961,9
11167812,9
11180649,19
11182428,9
11182769,13
11193369,9
11194399,9
11196701,16
11203447,19
11205293,13
11210549,9
11225895,13
11231665,9
11245143,16
11264670,9
11282090,30
11286268,9
11320592,19
11361805,13
11364308,9
11366269,9
11378440,9
11379581,16
11395986,9
11409175,13
11411048,6
11415468,9
11420114,9
11421651,16
11433867,13
11436622,9
11439135,19
11439305,9
11447347,9
11449472,13
11454978,13
11457273,9
11457569,13
11463286,9
11464349,30
11465016,9
11481036,16
11502030,9
11528203,3.5
11540843,9
11550878,9
11554944,19
11578716,13
11584264,13
11586609,9
11592259,19
11596800,13
11597096,13
11618570,13
11628816,13
11636612,9
11667831,30
11672993,13
11673137,9
11673275,19
11682395,13
11698739,9
11700590,9
11707893,9
11719854,16
11725573,9
11745772,9
11751871,3.5
11757289,9
11764450,9
11772809,9
11776740,19
11785507,19
11798766,13
11813531,9
11825009,9
11841836,9
11846104,6
11847186,6
11874176,9
11877854,9
11878154,9
11892992,9
11895321,19
11910105,13
11913912,19
11915006,13
11916154,9
11924029,30
11929754,19
11936592,9
11944186,9
11963231,9
11977081,9
11988534,9
11994114,9
11996769,9
12028941,13
12029663,9
12040970,13
12056344,9
12065920,19
12068525,9
12072697,13
12088172,13
12089993,9
12100274,13
12102667,13
12121057,9
12122806,9
12123305,9
12132121,13
12136296,9
12146156,9
12161669,9
12162545,9
12169649,9
12175727,13
12209084,3.5
12226779,19
12259535,3.5
12260532,13
12286286,9
12308641,9
12309480,30
12310570,13
12312570,9
12324714,9
12331941,13
12335978,9
12348799,9
12355685,9
12358138,13
12371118,13
12416057,9
12416986,9
12422287,13
12485938,9
12490503,9
12496636,9
12498592,9
12502768,9
12509404,13
12515970,3.5
12549138,9
12561774,9
12563402,9
12579065,9
12586927,19
12588761,9
12603851,19
12608579,9
12617158,9
12621323,9
12625190,6
12638631,3.5
12675478,13
12678593,9
12702413,9
12712329,13
12714182,9
12717213,13
12719083,9
12725345,9
12761158,9
12776202,9
12781713,6
12792431,13
12799542,30
12812360,9
12826010,13
12845260,9
12852648,9
12867766,9
12875978,9
12885703,9
12949910,9
12957807,13
12960318,19
12964249,9
12966499,9
12977511,19
12982057,3.5
12988500,30
12992660,19
13024381,13
13036269,19
13050924,19
13062658,19
13068991,13
13092495,19
13094654,19
13098696,9
13098991,13
13119077,9
13123669,9
13125038,19
13128372,9
13132659,9
13134112,9
13143157,19
13192831,13
13201758,30
13217828,9
13220845,9
13230949,13
13241374,9
13242738,9
13243745,9
13244587,3.5
13245704,13
13253634,9
13254537,9
13265546,13
13271458,9
13271668,9
13301200,9
13312442,19
13313749,9
13316459,19
13330295,13
13356624,13
13358309,13
13358420,13
13367747,9
13368396,9
13369024,19
13416590,9
13420139,13
13481324,13
13485420,30
13487260,16
13502398,9
13539469,16
13551384,30
13556433,30
13602798,9
13625756,9
13649871,9
13658104,3.5
13674931,9
13689607,9
13694690,9
13709869,6
13730747,19
13744495,9
13754913,19
13764155,9
13775291,13
13778802,13
13780624,19
13796348,13
13806689,19
13809476,16
13834675,30
13835578,9
13842342,9
13854050,19
13862559,9
13864945,9
13872568,9
13876994,9
13880866,13
13890527,16
13902989,9
13919130,30
13943867,13
13948881,3.5
13966536,9
13985188,16
13993844,9
13997451,9
14002232,9
14033942,13
14035302,9
14035703,16
14049997,9
14052845,9
14058088,9
14072361,13
14088729,13
14098093,9
14127878,9
14133879,13
14139497,9
14149733,19
14150481,19
14150509,19
14166488,9
14181507,9
14202350,9
14207037,19
14217912,13
14223644,13
14227991,13
14243564,13
14245992,9
14256127,13
14277017,9
14287028,13
14329303,13
14331507,13
14333542,9
14352604,13
14353374,19
14359428,13
14366760,9
14373964,6
14379668,13
14389595,9
14391976,13
14392722,6
14396309,9
14405334,9
14424774,9
14432060,13
14441156,9
14442872,13
14449359,30
14451463,9
14457931,19
14460500,9
14464486,13
14470688,19
14510985,9
14519990,9
14533899,13
14536541,9
14542784,9
14545185,9
14560094,13
14567293,9
14569926,13
14577925,9
14615981,19
14643859,9
14644177,13
14647203,9
14647694,19
14656240,9
14667585,9
14668278,13
14694015,13
14700502,9
14717039,13
14722184,19
14739749,9
14744010,19
14755555,9
14783837,13
14792974,9
14812375,13
14819922,9
14822580,19
14849109,9
14859965,13
14885738,9
14892309,9
14893129,9
14906616,13
14918263,9
14943394,9
14959412,9
14984445,9
14984946,13
15004833,13
15007280,13
15016645,9
15028093,13
15032817,13
15034258,13
15045937,9
15047345,13
15050787,19
15053223,9
15061681,9
15070742,9
15076258,30
15076464,9
15081311,9
15081550,9
15109446,3.5
15130037,9
15134182,13
15143870,9
15143885,13
15148243,13
15151481,9
15170021,3.5
15240526,30
15241609,9
15287018,13
15309185,9
15321112,13
15322631,3.5
15335489,19
15356880,19
15375565,9
15377068,3.5
15378480,13
15394560,13
15397014,9
15419485,9
15429321,13
15448161,9
15468361,13
15475160,30
15475766,13
15527108,9
15531031,9
15531843,19
15550582,9
15552493,9
15566035,9
15574227,9
15583570,30
15629487,9
15642506,13
15648858,9
15684662,13
15694142,13
15725723,9
15742503,9
15799494,9
15807881,13
15818665,13
15821434,9
15827753,9
15885731,9
15939777,9
15945454,9
15948148,13
15959530,9
15960927,19
15964441,9
15988435,13
15998713,9
16003384,9
16012556,13
16017174,3.5
16017518,13
16020668,9
16046309,13
16046990,30
16047156,13
16051495,9
16094276,9
16097507,9
16116108,13
16121855,19
16134733,9
16134945,19
16143690,9
16151912,13
16155100,9
16158892,9
16163637,13
16164206,13
16165030,13
16165514,9
16173212,13
16176317,19
16180692,19
16182939,9
16186031,9
16190641,9
16224878,9
16260927,19
16271466,9
16277116,9
16292204,9
16292563,30
16304945,19
16316916,19
16319419,3.5
16328858,3.5
16333354,9
16345826,9
16395192,9
16397246,9
16404360,9
16410464,9
16415014,9
16420713,9
16454649,9
16456968,13
16458678,19
16463114,9
16467606,9
16475392,3.5
16478722,9
16485408,9
16505893,9
16506517,13
16520612,9
16523875,9
16524284,9
16532495,13
16539849,13
16542146,9
16551724,19
16553313,19
16557591,13
16575060,13
16575852,9
16576713,19
16596427,13
16606600,9
16607582,9
16624867,19
16633481,9
16643903,13
16703699,19
16720536,9
16734902,9
16746237,13
16751560,13
16754571,9
16770014,9
16787202,9
16794001,19
16818960,9
16818983,9
16841458,9
16854607,9
16881889,9
16886118,9
16888728,9
16909441,9
16926852,19
16946027,13
16984438,13
16991409,9
16997445,13
17008574,19
17011028,13
17012419,30
17023286,19
17033276,9
17035165,9
17046467,13
17056094,13
17057569,3.5
17058432,13
17067506,13
17067981,9
17069585,9
17091161,30
17107651,13
17109719,9
17124186,9
17125407,9
17126550,9
17132626,19
17145065,9
17168729,13
17178894,19
17198097,19
17198442,9
17221881,9
17227225,9
17254996,9
17305000,19
17321256,9
17322162,9
17339890,9
17347769,19
17357091,19
17386307,9
17393824,9
17402573,9
17406534,13
17409259,9
17469760,9
17483566,3.5
17540062,9
17590364,3.5
17595643,9
17653981,13
17670125,9
17715036,9
17747088,9
17776686,13
17888661,9
18057318,19
18062010,9
18067829,9
18088214,13
18147970,9
18156319,30
18170803,9
18170863,13
18176795,9
18214924,9
18235216,9
18244589,13
18283810,9
18297661,9
18300656,9
18307841,9
18349832,19
18350836,13
18366222,9
18382494,9
18384308,3.5
18386134,19
18400795,9
18412048,3.5
18425266,9
18427460,19
18438027,9
18470592,9
18471204,9
18478582,19
18503880,9
18507581,30
18519145,9
18527067,9
18529009,13
18532312,9
18559201,13
18561751,19
18577369,13
18580059,9
18581651,13
18601819,9
18604669,9
18635522,9
18655763,30
18658631,9
18667562,9
18683183,13
18687300,13
18698986,19
18701546,19
18705202,13
18705330,9
18708711,19
18709049,13
18717997,30
18731271,9
18740377,13
18760142,9
18772333,9
18777458,9
18780408,13
18786545,13
18789511,9
18800622,9
18817798,3.5
18826379,13
18830441,9
18830871,9
18832424,30
18845083,13
18849279,19
18876944,9
18881003,9
18888512,9
18899314,19
18918111,9
18920876,9
18937077,13
18941947,19
18955019,9
18960642,13
18971304,9
18973907,13
18975842,19
18980378,3.5
18985642,9
18991621,9
18998842,30
19034107,30
19038933,9
19051047,9
19052340,9
19058231,9
19075166,13
19077213,13
19078078,9
19083251,9
19098428,13
19104335,13
19115149,3.5
19123601,19
19143347,9
19148096,9
19158196,9
19159878,30
19177353,13
19186514,9
19186831,9
19200878,19
19208365,9
19217870,9
19222147,9
19228269,13
19252031,9
19253830,13
19279334,13
19285203,9
19306478,13
19310190,9
19316073,19
19325224,9
19326040,9
19326588,19
19326977,13
19328626,19
19332390,9
19338706,9
19340437,13
19344877,19
19348103,9
19375731,30
19397188,19
19410796,30
19412634,9
19414875,13
19416982,9
19421498,9
19422475,13
19423611,13
19434083,9
19440769,3.5
19440813,9
19444199,13
19446333,30
19446649,13
19479112,19
19480362,13
19482173,19
19494168,13
19508457,9
19518199,9
19541029,13
19546356,9
19546484,13
19546607,9
19558753,9
19589185,13
19589195,13
19590082,13
19597424,19
19600878,30
19618127,30
19625937,30
19643271,9
19644000,13
19668765,30
19671233,30
19683927,9
19692875,9
19693057,13
19698435,9
19707238,9
19720477,9
19729262,9
19767475,9
19774208,19
19782839,9
19786663,3.5
19791131,30
19795737,13
19820848,9
19821076,19
19857576,19
19864008,13
19898063,13
19903562,19
19944370,9
20001555,13
20009052,19
20018210,9
20028333,9
20048790,13
20059452,13
20071203,13
20077838,3.5
20124684,9
20126583,9
20128031,13
20128446,9
20131265,9
20150848,13
20150983,9
20165645,9
20182598,19
20191610,13
20214761,9
20215385,13
20222118,9
20254784,13
20280010,19
20284281,3.5
20289250,19
20295151,30
20306016,9
20333364,13
20335485,13
20379575,9
20380754,19
20392883,13
20437879,9
20438242,9
20444586,9
20463214,9
20474041,9
20480357,9
20483307,19
20512023,19
20515857,19
20547926,19
20550736,19
20561081,13
20567648,9
20569637,9
20594989,9
20603629,19
20612997,9
20640364,13
20643797,9
20645411,13
20656764,13
20659459,9
20665530,30
20669346,9
20676694,9
20681322,19
20687515,30
20700260,9
20705449,9
20706959,13
20722740,13
20737645,30
20752012,9
20754453,19
20756520,19
20767078,19
20790184,9
20793897,13
20796071,9
20797346,9
20814497,9
20824012,19
20831547,9
20853195,13
20861774,9
20872279,9
20875857,9
20881684,19
20884494,9
20884930,9
20886001,30
20890001,9
20903334,19
20913612,9
20925366,19
20928067,9
20932010,19
20936249,3.5
20941676,9
20955177,3.5
20961783,19
20970836,9
20977102,9
20993931,13
20994359,9
21004165,9
21049915,9
21052579,9
21062748,13
21063692,3.5
21069036,13
21073362,9
21078354,9
21092036,9
21102911,9
21108115,30
21133140,9
21137984,9
21138048,9
21164973,13
21186790,13
21190073,19
21202077,9
21204775,19
21210547,30
21211396,30
21218459,9
21278894,13
21287521,13
21290603,13
21295321,9
21298581,9
21310536,9
21311551,19
21311745,30
21313797,19
21329544,9
21332511,13
21338099,13
21361000,13
21367304,13
21375794,9
21389721,9
21396406,13
21414467,9
21439287,9
21443672,13
21464175,13
21486563,3.5
21510030,19
21520925,13
21527199,9
21532763,19
21532964,9
21535814,19
21549030,30
21554233,13
21556381,13
21575939,13
21588127,9
21589024,13
21609981,30
21622184,9
21628619,19
21650466,13
21657923,9
21692537,9
21702682,9
21710290,9
21710306,13
21714280,19
21715297,13
21723570,9
21728765,19
21745032,9
21747213,9
21749029,13
21749433,9
21766508,13
21782432,9
21792688,19
21801637,9
21803317,9
21803587,9
21829432,13
21834519,9
21841054,9
21850905,19
21860315,19
21861418,13
21864269,19
21868731,9
21885390,30
21893486,9
21925795,9
21953977,13
21966152,9
21972235,13
21981414,9
21989712,13
22021318,3.5
22022441,19
22023389,30
22025949,30
22029738,9
22029825,30
22041185,13
22049496,3.5
22059625,9
22066644,9
22067621,9
22068784,9
22089803,9
22097514,13
22098740,9
22104648,9
22115620,13
22141075,9
22141435,13
22143128,13
22182030,13
22201563,9
22229447,9
22232737,19
22255524,19
22269926,9
22284469,9
22314748,3.5
22336968,13
22343143,9
22346618,19
22369094,13
22385206,19
22400086,9
22404558,19
22412018,13
22412295,13
22423497,13
22432191,13
22443303,13
22443656,13
22462285,19
22463420,13
22463766,9
22467816,19
22475314,9
22487893,13
22487969,30
22493560,13
22494229,9
22504203,9
22508080,19
22516513,9
22528747,9
22534341,9
22550647,9
22579395,9
22579668,9
22621542,9
22635893,9
22638589,30
22641243,13
22644490,13
22646011,30
22648633,13
22650653,9
22653262,9
22661970,19
22667164,9
22670840,13
22671637,9
22673911,9
22680956,9
22683019,3.5
22692033,9
22714482,19
22721232,3.5
22749483,9
22750414,9
22754096,9
22754844,13
22763581,9
22773350,9
22778483,13
22782409,9
22782739,13
22784584,9
22792863,9
22809536,30
22812441,30
22816000,13
22823147,30
22827509,9
22831691,19
22845051,13
22861691,13
22865651,19
22903153,9
22923060,19
22933338,19
22934668,13
22939805,13
22940584,9
22953305,9
23027676,9
23027959,9
23048853,9
23051524,3.5
23057870,13
23067343,9
23095108,9
23099798,9
23123062,9
23126276,13
23148429,13
23152075,9
23156840,13
23160857,9
23162278,13
23164824,9
23165801,9
23166917,13
23180981,9
23181003,13
23197487,9
23199948,13
23212558,3.5
23217926,9
23229022,9
23232175,13
23235506,19
23240000,13
23240020,9
23254882,13
23258667,9
23275175,9
23279016,13
23286024,30
23286126,9
23288921,9
23297125,9
23298818,9
23313104,13
23316370,9
23320275,19
23324344,3.5
23326367,19
23338070,30
23339453,13
23339666,13
23344050,13
23369864,9
23374704,9
23389851,13
23395351,9
23396098,9
23410258,13
23421460,13
23423260,9
23423765,30
23425103,3.5
23428653,19
23439267,9
23442588,19
23450302,9
23462071,9
23482506,9
23494196,19
23494369,3.5
23500880,13
23505222,13
23515757,13
23516070,13
23532692,30
23536331,9
23550357,9
23557215,9
23557585,9
23565404,9
23567003,9
23576769,9
23584952,13
23585832,9
23588009,19
23592649,9
23604342,9
23607147,13
23607720,3.5
23615835,3.5
23617583,13
23678407,13
23686643,9
23704068,13
23712650,9
23713306,9
23719959,30
23727955,19
23728532,13
23746852,13
23759053,9
23767818,13
23772004,9
23780084,9
23790668,30
23802586,13
23814851,3.5
23819313,9
23824384,30
23831799,13
23836193,30
23840962,9
23844749,9
23851785,19
23855614,30
23866029,13
23875042,9
23885165,13
23903771,9
23912352,13
23920117,13
23927661,30
23927836,9
23932375,9
23935399,9
23937744,13
23943352,9
23951996,19
23978170,13
23981066,3.5
23982734,13
23990023,9
23993938,30
23999497,9
24005228,13
24009594,9
24024943,9
24029440,9
24052413,13
24053980,9
24067985,9
24077901,13
24080218,3.5
24084384,13
24116886,3.5
24116917,9
24120729,19
24129234,3.5
24144339,9
24150661,13
24150753,9
24152627,9
24165253,30
24179636,9
24218680,13
24225474,13
24231091,13
24231098,9
24233194,13
24258998,30
24259927,19
24300409,13
24303828,9
24330663,13
24331931,19
24334053,13
24382572,9
24383742,30
24385038,13
24385436,19
24387951,19
24389139,9
24407566,9
24407570,13
24407823,19
24418896,9
24422293,9
24428570,13
24437666,9
24444522,13
24452617,9
24452809,19
24454610,9
24458598,9
24489699,19
24496036,13
24501117,9
24504129,9
24511172,9
24516293,19
24538272,9
24574370,13
24579921,30
24588989,9
24591978,9
24594044,9
24601686,13
24616007,13
24633656,13
24643427,13
24679161,3.5
24687053,3.5
24692031,9
24693565,13
24696510,13
24707495,19
24711650,9
24725869,19
24743069,9
24747564,3.5
24748688,9
24758486,9
24760570,19
24775163,13
24783524,9
24786684,9
24789711,9
24797821,19
24820566,30
24821193,9
24821849,13
24847515,9
24848863,9
24856479,19
24861011,9
24868177,13
24869817,3.5
24875787,13
24890160,9
24891219,9
24904899,9
24913488,9
24919791,9
24924146,3.5
24926608,3.5
24931442,19
24958319,9
24959444,9
24964559,13
24972548,9
24986005,13
24994077,9
25022969,13
25033348,9
25045606,3.5
25079811,9
25087719,9
25088084,9
25110520,9
25113801,9
25123693,9
25127837,9
25130247,9
25152015,13
25153274,13
25154022,9
25164150,9
25165279,9
25178748,19
25183919,9
25189389,30
25194811,9
25196956,3.5
25198371,9
25200834,9
25219327,30
25232737,9
25243319,13
25255990,13
25257385,19
25275835,13
25279951,30
25289615,9
25290388,13
25298675,13
25311167,9
25323734,30
25340539,9
25342992,9
25353708,13
25355205,9
25359479,9
25360366,13
25369932,13
25372716,13
25374776,9
25376009,19
25382854,9
25383503,13
25389320,13
25391883,13
25397968,9
25403073,9
25403491,19
25408667,13
25420118,19
25422552,30
25424337,30
25432271,9
25443961,13
25446114,9
25453099,13
25454196,9
25457655,9
25467042,13
25471317,9
25493702,9
25513321,13
25521160,3.5
25523038,9
25523584,9
25525438,9
25536694,9
25563227,9
25564060,9
25583082,19
25593538,9
25593745,9
25605639,19
25608469,9
25611115,30
25630549,9
25630999,19
25631905,9
25632533,13
25638168,9
25638438,13
25675575,9
25676143,13
25694332,9
25696083,30
25696403,9
25702328,9
25709812,13
25716181,13
25718563,19
25721146,13
25722249,3.5
25724310,13
25726487,13
25728656,9
25729228,9
25743519,13
25744140,19
25745494,9
25747735,9
25748042,19
25754188,13
25756030,13
25760613,19
25767599,9
25769263,9
25774264,9
25783734,9
25785323,30
25797984,13
25802439,9
25812115,9
25813788,3.5
25824856,3.5
25829461,19
25853188,3.5
25861894,9
25875193,9
25880859,13
25909545,9
25917538,13
25917807,9
25919231,30
25929910,9
25931054,9
25935543,9
25936455,9
25950849,9
25956721,3.5
25960201,13
25964332,13
25972734,9
25976432,13
25982058,3.5
25993800,9
25994193,13
25995425,9
26022383,13
26028538,9
26040138,13
26040507,9
26041488,9
26044445,9
26052017,9
26059863,9
26067584,9
26073053,19
26073527,9
26074628,9
26075061,19
26075904,19
26087887,19
26088106,9
26098402,13
26105304,30
26107025,3.5
26108518,9
26147700,3.5
26155591,19
26168032,19
26169129,13
26170657,13
26187479,9
26196240,9
26197811,30
26213786,9
26223662,9
26225942,13
26229757,9
26230121,9
26230910,19
26243942,30
26272126,13
26273903,9
26276019,19
26310507,19
26316797,9
26317372,19
26332198,9
26337090,9
26349960,13
26350601,13
26354173,9
26356759,19
26374187,9
26385018,13
26395443,9
26401030,13
26409070,13
26421757,13
26439679,13
26458455,9
26458640,19
26462449,9
26495669,9
26499383,13
26499548,13
26500593,9
26501072,13
26506871,13
26511587,9
26535459,9
26545100,9
26563742,9
26574811,13
26576000,19
26579837,9
26586490,9
26594532,9
26599629,30
26604819,13
26609731,30
26622306,9
26636973,9
26638105,9
26642534,9
26650099,9
26660886,13
26661503,30
26663690,30
26668478,30
26675473,9
26676820,9
26681741,9
26687249,9
26689076,13
26703395,13
26705017,9
26714073,13
26714439,13
26721554,19
26731530,9
26733739,9
26734602,9
26736366,13
26773576,13
26786533,19
26789250,9
26791787,13
26802494,9
26808021,13
26808125,9
26811997,9
26812420,13
26819266,19
26832682,9
26834277,9
26834624,9
26847058,9
26852903,13
26860549,30
26867107,9
26871091,9
26871891,9
26879608,9
26883735,19
26922373,9
26923010,30
26923207,13
26931076,19
26933471,9
26934837,13
26937180,9
26942119,9
26949776,13
26958257,9
26959084,13
26960901,9
26967014,9
26968190,13
26977656,9
26980019,9
26983114,9
27005239,9
27009210,9
27026296,13
27043275,13
27068562,13
27074102,3.5
27078012,9
27081028,13
27084453,9
27093150,19
27112764,19
27121409,3.5
27133363,9
27145029,9
27150662,13
27154947,9
27156143,9
27156961,9
27181386,9
27181600,9
27183463,13
27192742,9
27209413,9
27230513,13
27235524,9
27248237,9
27248879,13
27249359,9
27255607,9
27256473,9
27256956,9
27260005,9
27268407,13
27271191,3.5
27279513,9
27284517,9
27289011,9
27306650,9
27309393,9
27310755,13
27316206,13
27318084,9
27325370,30
27339439,9
27346708,3.5
27349162,9
27357387,3.5
27387287,9
27387516,19
27396202,13
27396372,30
27408231,9
27414350,3.5
27439292,19
27460759,9
27475779,9
27482713,30
27517090,3.5
27523611,9
27537114,9
27543161,13
27563631,13
27564601,19
27569612,9
27574071,9
27574280,30
27579764,9
27580127,9
27581020,13
27605903,9
27622174,9
27624170,13
27625296,9
27645578,30
27651737,9
27667918,13
27671575,9
27682689,9
27694960,9
27697030,9
27741668,9
27748597,9
27754931,9
27757221,19
27760596,9
27773356,19
27775780,19
27783972,9
27784356,13
27790193,19
27790728,9
27816991,30
27818793,9
27821421,19
27871036,30
27913518,9
27913728,9
27920475,9
27924498,9
27934947,9
27943873,13
27945911,3.5
27960611,9
27965122,13
27967490,9
27974235,19
27975343,3.5
27983648,9
27998165,9
28025260,13
28046227,9
28047176,9
28059008,9
28059605,9
28061614,9
28063398,19
28071918,9
28074742,9
28090635,30
28092867,9
28094266,9
28111781,30
28127064,9
28128327,9
28131808,30
28135114,19
28149438,9
28184363,19
28189242,9
28195083,13
28199907,9
28207471,3.5
28209286,9
28212584,9
28217999,9
28218454,13
28232106,9
28232214,9
28239274,9
28268056,13
28269547,30
28282233,19
28285839,13
28289921,19
28291791,3.5
28298966,9
28312784,9
28319586,13
28343137,13
28345465,9
28351162,9
28357619,13
28357875,30
28359835,3.5
28366081,9
28371167,9
28381748,13
28389927,9
28390101,9
28390596,9
28401229,9
28408830,13
28415170,9
28422339,9
28448778,9
28469108,13
28470553,9
28473361,9
28487116,9
28487785,13
28519803,9
28533345,9
28533993,9
28547567,9
28574222,13
28576224,9
28585590,9
28595565,9
28616284,13
28622897,13
28623946,9
28626410,13
28634865,13
28639986,13
28640510,9
28643891,19
28655776,9
28656062,13
28660883,9
28664611,19
28676386,9
28686553,9
28688554,9
28689774,9
28711433,9
28717578,13
28736159,3.5
28739509,9
28742939,9
28745120,9
28750057,9
28765097,3.5
28773614,13
28807005,9
28816857,3.5
28828717,9
28841026,9
28841762,19
28850459,9
28860063,9
28866583,9
28868494,30
28872226,9
28873340,9
28879359,9
28894640,30
28898926,9
28902109,9
28902921,30
28916634,9
28918756,19
28921420,9
28936181,13
28936327,13
28959743,13
28960295,9
28965977,9
28982775,3.5
28990850,19
28999543,30
28999700,30
29010382,9
29012918,13
29025231,3.5
29041723,19
29089873,9
29099312,13
29101864,9
29108371,9
29112959,3.5
29114152,3.5
29124177,9
29125655,9
29129087,19
29138503,9
29140611,9
29140933,13
29159503,3.5
29164970,9
29168316,9
29168679,9
29173344,9
29181961,13
29186402,19
29190931,13
29215974,9
29253726,9
29254577,9
29254809,9
29257414,13
29261145,13
29262096,19
29263409,3.5
29268908,19
29276644,9
29280511,9
29286085,9
29290848,9
29299304,13
29303363,9
29317662,9
29338530,13
29340949,13
29340977,19
29351840,9
29357147,13
29365114,9
29373245,19
29373435,9
29375119,9
29376638,9
29382615,9
29438847,13
29440782,3.5
29448417,19
29470402,9
29471656,13
29493132,13
29497885,9
29518519,13
29533670,9
29535501,13
29535900,13
29548438,13
29562215,9
29564392,9
29566006,9
29566098,13
29566659,30
29567444,9
29569278,9
29575366,9
29597124,13
29610054,9
29639090,9
29657143,13
29666043,9
29697333,13
29709793,9
29716784,13
29727677,30
29734214,9
29749427,13
29755235,9
29756716,13
29766938,30
29771706,3.5
29772683,19
29794666,9
29795943,9
29797650,9
29822758,13
29829553,9
29831215,19
29861014,9
29870380,30
29879487,19
29881795,3.5
29883165,30
29888001,9
29897567,9
29927765,30
29938132,30
29952127,9
29955003,13
29964390,9
29966078,9
29969485,9
29974951,9
29989669,19
29992393,30
30003172,19
30008841,19
30010106,9
30030480,9
30031148,9
30037127,13
30039896,19
30046662,9
30060033,9
30071958,13
30078887,13
30079448,19
30080465,9
30090164,9
30099083,9
30103949,9
30104339,13
30118148,9
30123133,3.5
30130286,9
30130952,13
30144652,9
30165346,9
30166217,19
30176449,9
30179921,3.5
30186071,13
30194991,13
30215926,13
30221986,9
30223607,3.5
30234106,19
30242038,9
30251313,13
30251393,13
30256975,13
30271703,9
30272003,9
30272507,9
30277119,9
30292104,9
30292797,9
30296653,9
30297634,9
30300636,9
30305623,13
30308775,19
30310689,9
30312830,13
30318184,13
30323473,19
30328965,9
30330546,9
30334850,9
30337867,9
30340993,3.5
30353052,3.5
30354604,3.5
30359761,9
30361928,3.5
30366717,9
30372364,13
30374423,9
30386717,19
30388102,13
30393718,9
30396145,19
30405870,19
30411934,9
30419809,19
30421808,9
30428250,9
30428578,13
30428811,9
30435656,19
30439618,19
30445264,9
30446768,13
30449050,9
30451638,13
30455160,9
30458711,9
30475534,9
30480782,9
30486412,3.5
30511371,30
30522514,13
30534540,9
30547520,9
30558366,13
30571104,9
30607136,9
30628858,19
30631360,13
30636775,9
30641117,13
30652306,13
30652517,30
30670999,19
30678955,13
30695925,30
30706741,3.5
30710857,3.5
30713063,13
30713203,9
30715978,19
30721558,9
30726401,19
30731164,9
30746196,19
30758654,13
30759175,13
30760500,9
30760789,19
30763933,9
30767176,9
30771507,9
30771821,9
30771972,30
30772539,9
30773291,19
30775100,3.5
30779478,9
30784815,9
30786588,13
30792731,13
30793299,9
30805623,9
30807781,13
30810151,9
30817043,30
30819564,3.5
30820422,9
30830771,13
30842490,9
30843102,9
30844426,19
30848676,9
30862316,9
30865238,30
30866679,9
30870975,9
30871344,9
30872461,9
30873025,9
30874526,9
30887837,30
30887858,9
30903273,13
30904395,19
30912579,19
30919703,9
30921294,19
30922324,13
30924999,9
30928077,13
30936929,3.5
30943345,9
30956885,9
30956977,13
30957144,9
30958295,13
30965994,9
30968160,9
30981140,13
30985306,9
30996914,9
30997813,3.5
31000283,9
31006190,13
31011865,9
31012033,3.5
31019036,13
31020581,9
31022912,9
31029292,30
31042678,13
31043185,19
31051183,9
31051794,9
31053791,9
31076902,9
31094981,9
31095124,9
31100224,9
31109829,9
31117886,9
31120381,9
31121902,30
31121926,9
31132339,13
31136983,9
31152616,13
31154638,9
31154746,9
31155351,13
31158308,9
31160314,9
31163158,9
31163174,9
31165475,19
31168384,13
31170941,9
31180089,19
31180204,30
31180487,9
31185149,30
31193058,13
31193318,9
31197630,9
31213795,9
31216885,9
31217199,13
31231595,3.5
31233159,13
31233766,3.5
31236712,30
31240227,13
31243548,13
31252661,9
31252796,9
31254478,9
31259846,30
31262973,9
31267924,30
31270337,9
31277279,13
31285721,13
31288060,13
31302607,9
31305674,9
31307122,9
31310361,19
31311239,9
31335505,19
31335828,9
31340493,9
31340514,9
31343806,3.5
31350788,13
31350959,9
31351513,3.5
31353250,9
31357989,9
31358800,13
31359412,9
31364045,19
31365464,9
31368580,13
31368618,9
31381102,9
31384011,13
31385878,30
31394687,13
31405392,9
31405731,13
31406430,13
31408125,9
31411363,3.5
31415589,19
31419179,9
31422879,13
31425791,19
31439715,3.5
31456969,9
31472701,19
31472858,9
31481499,9
31484326,30
31485755,9
31501423,30
31504852,9
31507316,19
31514533,30
31515035,9
31533806,3.5
31535190,9
31536784,9
31541626,9
31542932,9
31543379,9
31554029,19
31555840,9
31559413,9
31572387,13
31573358,13
31579009,9
31579560,9
31583295,19
31585890,9
31592688,9
31603273,9
31603584,3.5
31607637,9
31614065,13
31618335,19
31625064,13
31626399,19
31634027,9
31634384,9
31634651,9
31638270,19
31639045,9
31642362,9
31648167,9
31653238,9
31657194,9
31658111,19
31662070,13
31662800,30
31663084,9
31665416,3.5
31669561,13
31670473,3.5
31670782,19
31671854,19
31679514,3.5
31681720,9
31685908,19
31689707,9
31691289,9
31694491,19
31697510,9
31701174,9
31719960,9
31728543,9
31730258,9
31733695,30
31735887,13
31736668,13
31738759,19
31744834,3.5
31745400,9
31751722,9
31752033,9
31757684,9
31757686,13
31757756,13
31761400,9
31785895,9
31789912,19
31797594,9
31805539,19
31808662,9
31810640,13
31827215,9
31832228,19
31833423,19
31834110,19
31836316,9
31843712,9
31863478,19
31878289,9
31891301,13
31893471,30
31901151,9
31906760,13
31909505,13
31913002,19
31913179,30
31921308,30
31921410,9
31923267,13
31927037,19
31953053,30
31980125,9
31991996,13
31994857,9
32003724,9
32006995,19
32007610,19
32010759,9
32012905,9
32012997,9
32018395,9
32019665,13
32020638,9
32027523,9
32028002,13
32041728,9
32043778,3.5
32047932,13
32050934,3.5
32055311,9
32055746,19
32062583,30
32062953,9
32073131,13
32073808,3.5
32076460,13
32078602,9
32084509,9
32096093,13
32097519,13
32098633,9
32115731,13
32118990,9
32122007,19
32125689,9
32129326,13
32136823,3.5
32143313,9
32160532,13
32165070,9
32170716,9
32176787,3.5
32183173,3.5
32194882,13
32197861,13
32204836,13
32204975,3.5
32208709,19
32245273,30
32250192,19
32252166,13
32257617,9
32258743,9
32261140,13
32264064,9
32271015,19
32271216,19
32271731,19
32272977,19
32274921,13
32278369,19
32281104,30
32284887,9
32295772,9
32301922,19
32304587,19
32308111,19
32320454,9
32324976,13
32329637,19
32332375,9
32340558,30
32341386,9
32345579,9
32349874,9
32356432,19
32358588,9
32363081,30
32364291,19
32372395,9
32375369,9
32381599,9
32396196,9
32402294,9
32407613,9
32423273,19
32424369,13
32426904,9
32432939,13
32435606,9
32442723,9
32444819,9
32446954,9
32456739,19
32458079,3.5
32460847,9
32465346,19
32477584,9
32487469,9
32488462,9
32491019,9
32498057,13
32507368,13
32509348,19
32511770,19
32519234,9
32527088,9
32546785,19
32552458,13
32553227,30
32562192,13
32567994,13
32568127,9
32574400,9
32579246,9
32587837,9
32592837,9
32595731,9
32598313,3.5
32602733,9
32612397,9
32626418,9
32629921,9
32630694,9
32635380,9
32639979,9
32641146,19
32646914,9
32667948,9
32674673,13
32679056,13
32691865,9
32691964,9
32692233,13
32696044,9
32697658,9
32720898,3.5
32738010,3.5
32754724,19
32773501,9
32793119,19
32804631,9
32811017,13
32817657,19
32818202,13
32818230,19
32818451,19
32824660,19
32832257,9
32835098,19
32845135,3.5
32845734,13
32865153,9
32867433,9
32870836,19
32877383,13
32890338,13
32890459,13
32905871,13
32906897,13
32911644,9
32923196,19
32923356,30
32926000,9
32926975,3.5
32927265,9
32930199,13
32934674,19
32938753,9
32938884,9
32940548,19
32941515,13
32948440,9
32954957,9
32967177,13
32971801,3.5
32976716,19
32984435,9
32993056,9
32994359,9
32997216,9
32999407,9
33004977,9
33007455,9
33013815,19
33017603,19
33026343,3.5
33032510,19
33032963,13
33035008,19
33035706,19
33036734,19
33038638,19
33046258,9
33046538,13
33062234,9
33062996,3.5
33067916,9
33070390,19
33071259,19
33073326,19
33073793,19
33073986,9
33089172,9
33100520,9
33112588,13
33116306,3.5
33117309,19
33123773,13
33123862,19
33126623,19
33127847,19
33128826,9
33135171,30
33135930,9
33143951,9
33144110,9
33148678,9
33160288,9
33161581,13
33165591,9
33166053,13
33168157,13
33168604,13
33183730,9
33189358,13
33192565,19
33195324,19
33201654,9
33205444,9
33208546,3.5
33209447,13
33209479,9
33213274,3.5
33230141,3.5
33238206,9
33239131,9
33243013,9
33250533,9
33253685,13
33256105,9
33258129,9
33260888,3.5
33261312,30
33267093,30
33267621,9
33268355,9
33270492,30
33276924,13
33286044,9
33287029,9
33287164,9
33294893,13
33301927,9
33314141,3.5
33333637,9
33334349,19
33334924,9
33343180,13
33343527,9
33343573,13
33344448,13
33356792,19
33357849,3.5
33378625,9
33379085,13
33380725,19
33381383,9
33381954,9
33384825,9
33387284,9
33397719,13
33407942,9
33408471,30
33410921,13
33414202,9
33417735,13
33419741,13
33443456,9
33444208,13
33446186,19
33448354,30
33458871,19
33463846,19
33467994,9
33471745,30
33477263,3.5
33479207,13
33481988,30
33484813,9
33493753,19
33495154,19
33495620,9
33496383,9
33498615,9
33500759,30
33511594,13
33513103,19
33513248,30
33515853,9
33517723,9
33520579,9
33541484,9
33547533,19
33549177,13
33550546,9
33551305,19
33562109,9
33577564,19
33580988,19
33607483,13
33608511,9
33608644,19
33608870,9
33609316,9
33614661,9
33618643,9
33622153,9
33628293,19
33632764,19
33633396,19
33635398,3.5
33644414,13
33645369,30
33647783,19
33648445,19
33649436,19
33656340,9
33657882,9
33660091,9
33661739,13
33664691,30
33677473,13
33678564,13
33683399,13
33686497,9
33690789,13
33694135,9
33701583,9
33710760,19
33712445,19
33719447,3.5
33720410,13
33724589,13
33735872,9
33735884,13
33737774,13
33737930,9
33747542,9
33757218,9
33757480,13
33757626,9
33758547,19
33761136,9
33768975,13
33778555,30
33781743,13
33783598,9
33787999,3.5
33804981,9
33814191,9
33815501,13
33818767,30
33824037,3.5
33826151,9
33828439,9
33830832,9
33831482,3.5
33852207,9
33856289,30
33856579,9
33863115,30
33871185,9
33872344,9
33875844,19
33877214,9
33888524,13
33892098,9
33900233,3.5
33902134,13
33912035,9
33914660,30
33914781,30
33928099,3.5
33953539,13
33954537,9
33955093,13
33958590,9
33960318,13
33962766,9
33962811,9
33963580,30
33966421,19
33972543,9
33973033,19
33973734,13
33975313,13
33976960,19
33981311,9
33982569,9
33987167,9
33987184,9
33990996,9
33997407,13
34000108,3.5
34001967,9
34002046,13
34006480,13
34008302,9
34009973,19
34011207,13
34032156,19
34038934,3.5
34039373,9
34042544,9
34047485,13
34047974,13
34049572,19
34052806,9
34054813,13
34056845,9
34069820,19
34075099,9
34076984,13
34080877,9
34086972,9
34089505,13
34099735,9
34105104,9
34107460,13
34115185,30
34120234,9
34123132,19
34138036,13
34144580,9
34152619,9
34161818,13
34162433,9
34171168,9
34173523,9
34176304,9
34179166,13
34181257,9
34188107,3.5
34189459,9
34199670,19
34200745,9
34202057,9
34202104,9
34208274,9
34212331,30
34214361,13
34219282,30
34225204,9
34230321,9
34235019,9
34236630,9
34240356,9
34241077,9
34244491,30
34247719,30
34255023,13
34255432,30
34267452,9
34269808,9
34269957,13
34274639,19
34276584,3.5
34276760,9
34295266,13
34295946,13
34296993,9
34297882,13
34300998,9
34301944,13
34308231,30
34309455,3.5
34311085,9
34319943,19
34320515,9
34322084,9
34339571,13
34341674,9
34380729,3.5
34381140,13
34383812,9
34389646,13
34401864,9
34403185,19
34417662,9
34422297,19
34425397,9
34426460,3.5
34428801,9
34441497,13
34442837,19
34444858,13
34454520,13
34456893,19
34459076,13
34474810,13
34475340,3.5
34481778,9
34484743,9
34486697,3.5
34489836,13
34496785,19
34498445,9
34502025,13
34503592,9
34509013,3.5
34509298,9
34511020,9
34512545,13
34512781,13
34518351,9
34526601,9
34548967,9
34550072,13
34553799,30
34554614,9
34567072,3.5
34568446,30
34570958,13
34600030,30
34613312,9
34615575,9
34621721,9
34629077,19
34634011,13
34644527,3.5
34646882,30
34647343,9
34650233,13
34665629,13
34672237,9
34675066,9
34680142,9
34687991,3.5
34692208,30
34709166,19
34709380,19
34711551,19
34712211,9
34727553,13
34728352,9
34731810,13
34742257,13
34749819,13
34753382,9
34755461,3.5
34756890,9
34759843,9
34760193,9
34765246,19
34782907,9
34786536,9
34787831,9
34794964,3.5
34798462,9
34798922,9
34800166,13
34810942,19
34812213,13
34824905,13
34827709,3.5
34829602,9
34837268,19
34840321,30
34840720,9
34851554,9
34858336,9
34862745,9
34869231,9
34874781,19
34875973,9
34882530,13
34884066,9
34887763,30
34889374,30
34896970,9
34904833,30
34910789,9
34928207,13
34952323,9
34952339,30
34954897,9
34957272,9
34961417,13
34961939,9
34962247,30
34967990,3.5
34975206,9
34979505,13
34980354,9
34980831,9
34981377,9
34982060,9
34984853,9
34990476,30
34994193,19
34995251,9
34997649,13
35000358,9
35000868,19
35011318,9
35011330,9
35014376,9
35019887,13
35021954,19
35026409,9
35027175,9
35030336,9
35031566,9
35031765,13
35037478,9
35043188,9
35052167,30
35053420,19
35057703,9
35061954,13
35063058,9
35065080,9
35067248,13
35068231,13
35069871,9
35071319,9
35079719,13
35085487,30
35098831,9
35099610,13
35100120,30
35108184,13
35108805,9
35110092,3.5
35110437,19
35115548,19
35118406,9
35119341,19
35130151,9
35134197,9
35135766,9
35139741,9
35140483,9
35145213,13
35147548,30
35155884,19
35167736,9
35182103,9
35183417,13
35191495,30
35191925,19
35193441,9
35196220,9
35197089,9
35197247,13
35204526,9
35205739,13
35214963,9
35215018,13
35215915,9
35216975,9
35223613,13
35226297,13
35230467,19
35230734,13
35230794,9
35231602,13
35234659,9
35234872,13
35235716,9
35241048,9
35244588,9
35247039,13
35250838,9
35258771,30
35260209,9
35264540,9
35266020,9
35274573,13
35279636,9
35283420,9
35287274,13
35288297,9
35297180,9
35298725,3.5
35310035,9
35311068,13
35311295,9
35315894,13
35328811,19
35339662,9
35379008,3.5
35390358,3.5
35394215,9
35394612,30
35403715,13
35408789,9
35409009,13
35412600,9
35415053,9
35423437,30
35431747,19
35432003,9
35438261,13
35441074,3.5
35444434,13
35448337,9
35460305,9
35461782,9
35463066,19
35473912,13
35473948,9
35473963,9
35474725,30
35476558,9
35477735,9
35478046,13
35479467,30
35479762,9
35481952,9
35482269,9
35485759,13
35485785,9
35490602,13
35491697,30
35492586,9
35494108,9
35499259,9
35503240,13
35503828,19
35516522,9
35518909,9
35519340,19
35523051,9
35523397,13
35537137,13
35539823,9
35543143,3.5
35548944,9
35551985,3.5
35553049,9
35555707,9
35557259,9
35559725,9
35584801,9
35585473,30
35586093,9
35590349,9
35593087,9
35593344,13
35597355,13
35599797,19
35607504,9
35607828,9
35610102,9
35610311,9
35612379,9
35616737,13
35617132,9
35617347,9
35618892,30
35619455,30
35619711,9
35619974,3.5
35624436,13
35627279,19
35627803,9
35629717,9
35632960,9
35632983,9
35638095,13
35640743,13
35641187,13
35642038,30
35644181,13
35646068,9
35647624,19
35649624,9
35654125,9
35655628,9
35658687,30
35660543,9
35673323,9
35673687,30
35673967,3.5
35676590,9
35677044,19
35680190,9
35685360,19
35686868,9
35687062,9
35690266,9
35693352,13
35695228,3.5
35696382,9
35697826,13
35699916,13
35711230,19
35711955,9
35712141,13
35714449,9
35714576,9
35720520,9
35722403,9
35722646,9
35723291,9
35723709,9
35726444,9
35745860,30
35751002,9
35756341,3.5
35759438,9
35761897,19
35766544,9
35769224,9
35784696,30
35785966,19
35811765,3.5
35815097,9
35820221,9
35821624,3.5
35822219,19
35822958,9
35827011,9
35827116,9
35828515,9
35834001,9
35835421,13
35841195,3.5
35850426,9
35852732,3.5
35853582,13
35854096,13
35858788,9
35866071,30
35870361,9
35872414,9
35874191,13
35874796,19
35875688,9
35882482,9
35894895,30
35900523,9
35907785,19
35910245,13
35919743,3.5
35921863,13
35922333,9
35927777,9
35940281,9
35943508,9
35944705,3.5
35946628,9
35949240,9
35953309,19
35955724,19
35956936,9
35958719,9
35962292,9
35962505,19
35972625,9
35975744,9
35981839,9
35982204,9
35982796,9
35987591,9
35989179,19
35999799,9
36005453,9
36005826,9
36012599,13
36013131,9
36013664,9
36015549,9
36017935,19
36018572,9
36021057,9
36023939,13
36042603,13
36042984,9
36059214,30
36061989,3.5
36063807,9
36064080,9
36070696,9
36075051,9
36090389,9
36090930,9
36092201,19
36102137,9
36106368,9
36106718,9
36108412,9
36108928,30
36109791,9
36115260,9
36126020,13
36135819,13
36139062,9
36140620,9
36147242,30
36147669,9
36148305,9
36159040,13
36161170,9
36162014,9
36165795,3.5
36166864,9
36186838,19
36189258,9
36189312,9
36192090,9
36199463,19
36202119,30
36206574,9
36211049,13
36214770,19
36224391,9
36226408,13
36242512,9
36242868,13
36246089,9
36246921,19
36249064,9
36250374,19
36255944,13
36259981,13
36263603,9
36277418,9
36277787,9
36282627,19
36283216,19
36284506,3.5
36287943,13
36289978,13
36291469,9
36299824,9
36308186,9
36308737,9
36310074,9
36318294,30
36319564,13
36324005,13
36325580,9
36340935,13
36341190,13
36341322,13
36341966,13
36344771,13
36345228,9
36345804,30
36346184,13
36347526,13
36350189,9
36352462,19
36352482,9
36353919,3.5
36355498,9
36366022,19
36372739,13
36380537,9
36380630,9
36391124,13
36396456,9
36405429,13
36406096,9
36410160,9
36411581,30
36414576,19
36415963,9
36421852,30
36425013,13
36427737,19
36431404,30
36432655,13
36433101,9
36433332,9
36433386,3.5
36434113,9
36434703,9
36439357,13
36440814,13
36442225,9
36446708,9
36449522,9
36450358,13
36461488,9
36466425,9
36470022,13
36471609,9
36475149,13
36476567,9
36478326,9
36484595,13
36491461,9
36494435,13
36495373,13
36501468,9
36504131,9
36504778,9
36507691,9
36514032,9
36515819,19
36519436,9
36527013,30
36531795,9
36535624,3.5
36541341,13
36543507,9
36544714,19
36545088,19
36546927,9
36548269,13
36550049,19
36561672,9
36562947,9
36564704,13
36582528,9
36593286,3.5
36593864,13
36602831,9
36605231,13
36610010,9
36613935,9
36614118,13
36615663,9
36618037,9
36621971,9
36626723,9
36628512,3.5
36632941,9
36634186,9
36636285,9
36637907,13
36649786,9
36655125,9
36656049,9
36658543,19
36664570,13
36664656,9
36664680,9
36665536,9
36672527,9
36673763,9
36673815,9
36681651,9
36682150,3.5
36682999,3.5
36685475,9
36686325,3.5
36688534,13
36690103,30
36690202,9
36691053,9
36693568,9
36694458,9
36698265,9
36700117,9
36700629,9
36700974,30
36708265,9
36717572,30
36723492,9
36725292,30
36727858,13
36729423,13
36733670,9
36735273,30
36735297,19
36738420,9
36738578,19
36739327,9
36740132,3.5
36741990,9
36744199,9
36757787,19
36757912,13
36760243,9
36766751,9
36773288,9
36776533,13
36783761,13
36787984,19
36790697,9
36791386,9
36795616,13
36800338,9
36802364,19
36808348,9
36809282,3.5
36809295,9
36810787,9
36811088,9
36811698,9
36818042,9
36822009,30
36822364,9
36824082,9
36829570,9
36830530,9
36830953,3.5
36832770,9
36836659,30
36839942,9
36841136,9
36844507,9
36855007,13
36855449,30
36857120,3.5
36857603,13
36864010,13
36866560,9
36867790,30
36872375,9
36874293,13
36889090,9
36889410,13
36892456,9
36903827,13
36904650,19
36904699,9
36904725,19
36905051,19
36912550,9
36914279,9
36915332,9
36915717,9
36920534,13
36921587,9
36924375,9
36929500,13
36932633,30
36933535,30
36936009,13
36937095,19
36937275,19
36937408,9
36937654,19
36938657,19
36938787,19
36938992,19
36939059,19
36939152,19
36939688,9
36940767,9
36944804,9
36950300,19
36956115,9
36957327,13
36957855,19
36958199,19
36958332,13
36958685,19
36958794,19
36967054,9
36967351,13
36968039,9
36971617,30
36972329,19
36973120,19
36975895,9
36983900,13
36985011,19
36986826,9
36993813,9
36995478,9
36995531,9
36995578,9
36997980,9
37003620,13
37005915,9
37008642,9
37010258,30
37011776,9
37012667,9
37021702,9
37022181,9
37034522,9
37035567,19
37036223,19
37041918,9
37042476,9
37043713,9
37044373,3.5
37051747,9
37052548,13
37062807,19
37064090,9
37066540,13
37071340,13
37077943,9
37080041,19
37081114,9
37095416,19
37095679,13
37097283,9
37101418,9
37101512,13
37110447,9
37119708,13
37120674,9
37129500,9
37130774,9
37131858,3.5
37133644,3.5
37143391,13
37143705,19
37147191,3.5
37151940,9
37158893,13
37159026,9
37160235,9
37161030,13
37167467,9
37168210,13
37172264,13
37173478,19
37176771,30
37177274,9
37178817,9
37182423,9
37183899,13
37193205,9
37200534,30
37200745,9
37202891,9
37204636,9
37206451,19
37207628,9
37218701,13
37224353,9
37244463,13
37247743,13
37256990,13
37273004,13
37281132,13
37284326,9
37289323,30
37289344,13
37290907,13
37297253,13
37297649,30
37302728,9
37302771,13
37307376,3.5
37310135,13
37323240,3.5
37325167,9
37325754,9
37327334,9
37331281,9
37334098,3.5
37335435,9
37336556,9
37343291,9
37346374,9
37359686,3.5
37363990,9
37364668,9
37369049,9
37369364,9
37369371,13
37379661,9
37395553,13
37400606,19
37401399,3.5
37409697,13
37416768,19
37420248,9
37420375,9
37421855,13
37425476,9
37443867,9
37446074,9
37446476,19
37448701,9
37453709,9
37454955,9
37461892,9
37464255,19
37466409,9
37473085,9
37473858,9
37477058,9
37484460,9
37486375,9
37489054,19
37490697,9
37499538,30
37501791,9
37502307,19
37507191,13
37510656,9
37511078,9
37524783,9
37532306,9
37545704,9
37546745,9
37559093,30
37559805,19
37559982,9
37570751,13
37573931,13
37573965,3.5
37574599,9
37606183,9
37609139,30
37610649,30
37612773,30
37613490,13
37614570,9
37622105,9
37638640,9
37638841,9
37655990,9
37666791,9
37675394,9
37681577,9
37681592,9
37689036,9
37692704,9
37693616,30
37694014,30
37700386,13
37700907,9
37706903,19
37710985,9
37711580,9
37714199,9
37724242,13
37724851,3.5
37743349,9
37758326,9
37777795,13
37778052,9
37792895,9
37793327,9
37797947,13
37801744,9
37805224,13
37806221,13
37815390,9
37815990,9
37816395,9
37819803,13
37841852,9
37847381,9
37849992,9
37851672,19
37862235,9
37875959,9
37880513,3.5
37880548,3.5
37881812,9
37883141,9
37890130,13
37896186,9
37904017,13
37905831,9
37913732,13
37916015,30
37917365,13
37922136,30
37924670,13
37939748,3.5
37939882,13
37939933,9
37944001,9
37963674,9
37991101,9
38005764,9
38006356,9
38006699,13
38016025,13
38024185,30
38031668,9
38045075,13
38063083,9
38073302,30
38073468,9
38095440,9
38098830,9
38108736,9
38117498,9
38145282,19
38147377,9
38147405,9
38196349,9