seller_id,entry_source_em,profit_estimate,value_em,fees_paid,membership_paid
34676369,4,-0.04,0,0,0
36601578,4,-0.07,0,0,0
35463066,4,184.71,2,377.11,0
34722086,4,0,0,0,0
34931142,4,0,0,0,0
35767672,4,-9.1,0,0,0
35421129,4,-13.03,0,0,0
36905693,4,0,0,0,0
34858123,4,0,0,0,0
35187146,4,-1.81,0,3.55,0
34446215,4,0,0,0,0
35793582,4,0,0,0,0
35238447,4,-0.11,0,0,0
35251803,4,31.15,0,16.65,40
36859841,4,0,0,0,0
35283723,4,0,0,0,0
35632417,4,-0.41,0,0,0
36555287,4,0,0,0,0
35065080,4,-0.02,0,0,0
327729,4,0,2,0,0
35080425,4,-5.93,1,35.33,0
36032073,4,0,0,0,0
33980411,4,0,0,0,0
36005258,4,0,0,0,0
35689318,4,21.96,1,6.37,20
35994860,4,-0.37,0,0,0
35669145,4,0,0,0,0
36339106,4,-0.01,0,0,0
36700084,4,0,0,0,0
34771593,4,-0.72,0,0,0
35196247,4,290,0,0,290
36186596,4,0,0,0,0
34705586,4,0,0,0,0
36094694,4,-0.36,0,0,0
35621675,4,0,0,0,0
35986076,4,-0.06,0,0,0
36402367,4,0,0,0,0
36181309,4,0,0,0,0
36054275,4,-7.6,2,0,0
33581900,4,-88.82,0,0,0
35449966,4,0,0,0,0
36513936,4,-0.25,0,0,0
35119341,4,7.35,0,7.35,0
34833155,4,0,0,0,0
36360034,4,0,0,0,0
36546927,4,0,0,0,0
36830908,4,0,0,0,0
35139200,4,0,0,0,0
35352776,4,0,0,0,0
35922333,4,-0.2,1,0,0
36700611,4,0,0,0,0
4108197,4,0,0,0,0
35598651,4,-0.02,0,0,0
11333912,4,0,0,0,0
34749712,4,-0.03,0,0,0
36887180,4,0,0,0,0
35357514,4,-1.66,0,0,0
34736926,4,0,0,0,0
34659579,4,0,0,0,0
34620877,4,-0.06,0,0,0
36564325,4,0,0,0,0
34254780,4,-0.54,0,0,0
35479429,4,0,0,0,0
35443678,4,0,0,0,0
34711551,4,155.79,2,370.4,0
35477981,4,0,0,0,0
35400153,4,0,0,0,0
34721857,4,0,0,0,0
35821833,4,-0.07,0,0,0
35905434,4,0,0,0,0
35686621,4,0,0,0,0
34852370,4,0,0,0,0
34551959,4,0,0,0,0
34983074,4,-1.3,0,0,0
35101478,4,-0.03,0,0,0
34320271,4,0,0,0,0
35397126,4,39.63,0,0,40
35004674,4,0,0,0,0
35830643,4,139.93,0,0,140
35108990,4,0,0,0,0
35521706,4,0,0,0,0
36904934,4,0,0,0,0
35485785,4,-0.32,0,0,0
35207334,4,0,0,0,0
34568136,4,39.79,0,0,40
35842125,4,-0.3,0,0,0
35296049,4,0,0,0,0
36106561,4,-0.03,0,0,0
34786435,4,0,0,0,0
36933745,4,0,0,0,0
35768819,4,-1.1,0,0,0
34561765,4,0,0,0,0
35587384,4,0,0,0,0
34418124,4,0,0,0,0
36042057,4,0,0,0,0
36918036,4,0,0,0,0
10513495,4,11.96,0,22.38,0
35752852,4,0,0,0,0
35463739,4,0,0,0,0
36403073,4,-19.18,0,0,0
36862644,4,0,0,0,0
36617007,4,0,0,0,0
35973344,4,0,0,0,0
34808269,4,0,0,0,0
34833233,4,-0.1,0,0,0
34442671,4,-0.06,0,0,0
35681492,4,60,0,0,60
26175939,4,38.97,0,0,40
35638420,4,-0.05,0,0,0
35677532,4,0,0,0,0
36782642,4,0,0,0,0
35784624,4,0,0,0,0
36432655,4,-1.51,0,0,0
36275777,4,0,0,0,0
34409558,4,-1.76,0,0,0
34875973,4,-0.09,0,0,0
34657446,4,0,0,0,0
36338949,4,0,0,0,0
35948365,4,-1.35,0,0,0
36821351,4,0,0,0,0
35816522,4,0,0,0,0
36531310,4,0,0,0,0
36336101,4,-53.28,2,0,0
35164330,4,-0.62,0,0,0
36568283,4,0,0,0,0
36309028,4,0,0,0,0
36576237,4,0,0,0,0
35479718,4,-0.03,0,0,0
36436363,4,-1.49,0,0,0
36207860,4,0,0,0,0
36844036,4,0,0,0,0
36823413,4,0,0,0,0
35929727,4,-0.08,0,0,0
36242015,4,-0.02,0,0,0
34898631,4,-0.01,0,0,0
36793612,4,0,0,0,0
36018121,4,-12.16,0,0,0
34494052,4,-0.2,0,0,0
36537616,4,0,0,0,0
35871809,4,-0.05,0,0,0
36725773,4,0,0,0,0
35074748,4,-0.02,0,0,0
35727673,4,0,0,0,0
35811466,4,0,0,0,0
34567325,4,0,0,0,0
35890549,4,5.38,0,3.2,0
34102437,4,0,0,0,0
36674916,4,-0.01,0,0,0
36924978,4,0,0,0,0
36102353,4,-0.01,0,0,0
36746663,4,0,0,0,0
36713737,4,0,0,0,0
35766507,4,-0.9,0,0,0
36279389,4,0,0,0,0
35539944,4,-1.73,0,0,0
36855911,4,0,0,0,0
34943198,4,262.7,2,299.49,0
35069773,4,-0.37,0,0,0
35867672,4,0,0,0,0
35635373,4,0,0,0,0
35765254,4,0,0,0,0
36742291,4,0,0,0,0
36512740,4,-0.01,0,0,0
35222878,4,-0.07,0,0,0
35519340,4,-14.7,0,0.85,0
36887225,4,0,0,0,0
34626561,4,0,0,0,0
36816023,4,0,0,0,0
35474821,4,0,0,0,0
33108290,4,0.76,0,46.05,0
34510861,4,0,0,0,0
36005453,4,-0.15,0,0,0
36093065,4,-0.03,0,0,0
34599995,4,-0.08,0,0,0
34776325,4,0,0,0,0
35667766,4,0,0,0,0
36330965,4,70.28,1,118.6,0
34598677,4,0.23,0,0,0
34411976,4,-0.05,0,0,0
36399768,4,9.07,1,7.2,0
35608971,4,0,0,0,0
35222168,4,-0.05,0,0,0
36276791,4,-0.02,0,0,0
35107284,4,-18.78,0,8.33,0
35436544,4,-1.05,0,11.97,0
36366404,4,5.96,0,8.59,0
36605135,4,0,0,0,0
36445812,4,0,0,0,0
34373841,4,0,0,0,0
36102956,4,0,0,0,0
34767363,4,1.47,0,5.31,0
34901124,4,-0.16,0,0,0
35076974,4,-4.27,0,0,0
34656516,4,24.14,0,33.4,0
36471452,4,0,0,0,0
34390639,4,0,0,0,0
36360751,4,0,0,0,0
35651766,4,-0.19,0,0,0
35114043,4,0,0,0,0
36793342,4,0,0,0,0
36658674,4,0,0,0,0
28884136,4,16.85,0,18.55,0
34389636,4,0,0,0,0
36341190,4,0,0,0,0
34554614,4,-0.66,0,0,0
35195666,4,0,0,0,0
34753246,4,0,0,0,0
35594587,4,0,0,0,0
36290269,4,0,0,0,0
35358984,4,-0.06,0,0,0
36809887,4,-0.02,0,0,0
35821951,4,0,0,0,0
36811096,4,0,0,0,0
34808810,4,-0.12,0,0,0
34650170,4,0,0,0,0
35186306,4,9.84,0,9.48,0
36613125,4,-0.08,0,0,0
35725841,4,26.65,2,43.2,0
35379007,4,0,0,0,0
36661923,4,0,0,0,0
34769809,4,0,0,0,0
34507613,4,65.31,0,4.71,80
36322191,4,-0.21,0,0,0
36061623,4,0,0,0,0
34486115,4,0,0,0,0
35711955,4,0,0,0,0
35794654,4,-0.1,0,0,0
36208732,4,0,0,0,0
36076994,4,0,0,0,0
36807276,4,-1.81,0,0,0
35687465,4,-0.03,0,0,0
36696834,4,0,0,0,0
34545527,4,-0.07,0,0,0
35290123,4,-0.11,0,0,0
35873099,4,0,0,0,0
34944919,4,-0.1,0,0,0
36689465,4,0,0,0,0
34721828,4,0,0,0,0
35177063,4,0,0,0,0
35894895,4,0,0,0,0
35434443,4,0,0,0,0
35340197,4,0,0,0,0
36936208,4,0,0,0,0
35578445,4,0,0,0,0
36057487,4,39.99,0,0,40
35525196,4,0,0,0,0
36562206,4,0,0,0,0
35757872,4,0,0,0,0
34438630,4,-0.23,0,0,0
34090888,4,4.29,0,4.31,0
34526755,4,0,0,0,0
36805385,4,0,0,0,0
34507135,4,-0.2,0,0,0
35672661,4,0,0,0,0
36605840,4,0,0,0,0
36088602,4,0,0,0,0
36185186,4,-0.09,0,0,0
34882480,4,-0.03,0,0,0
35783797,4,-0.02,0,0,0
36683483,4,0,0,0,0
35570075,4,0,0,0,0
36380537,4,118.72,1,97.76,70
35272505,4,-0.63,0,0,0
34861683,4,-0.27,0,0,0
34772543,4,0,0,0,0
36559186,4,0,0,0,0
36613578,4,0,2,0,0
36589622,4,0,0,0,0
35903428,4,-0.01,0,0,0
35326581,4,7.09,0,9.95,0
5648749,4,0,0,0,0
35676590,4,7.79,1,24.29,0
34954738,4,-0.03,0,0,0
36018929,4,-0.01,0,0,0
36916646,4,0,0,0,0
36829323,4,0,0,0,0
36158486,4,0,0,0,0
33282370,4,-0.03,0,0,0
36304732,4,-7.92,0,0,0
34419859,4,693.26,0,150.93,600
35139065,4,-0.03,0,0,0
34410716,4,-3.61,0,0,0
34906070,4,-24.81,0,0,0
36626809,4,-0.7,0,0,0
35175748,4,0,0,0,0
35441605,4,-0.04,0,0,0
34979679,4,-0.06,0,0,0
36924259,4,0,0,0,0
36668896,4,0,0,0,0
35651650,4,0,0,0,0
35817360,4,-0.01,0,0,0
36056334,4,0,0,0,0
35012623,4,-0.03,0,0,0
34469706,4,0,0,0,0
34444858,4,6.92,0,24.31,0
36334357,4,0,0,0,0
34457163,4,-0.3,0,0,0
35835479,4,0,0,0,0
35418075,4,0,0,0,0
35020681,4,0,0,0,0
36208864,4,0,0,0,0
34641025,4,0,0,0,0
35101332,4,-0.08,0,0,0
35620673,4,0,0,0,0
34763269,4,-0.09,0,0,0
35614134,4,45.73,0,0,46.95
36787047,4,0,0,0,0
35757492,4,0,0,0,0
34706079,4,0,0,0,0
35258927,4,-0.17,0,0,0
34423090,4,-1.02,0,0,0
36203113,4,0,0,0,0
35682302,4,0,0,0,0
31930253,4,0,0,0,0
36195859,4,-3.84,0,0,0
36201981,4,0,0,0,0
34800604,4,0,0,0,0
35056838,4,0,0,0,0
35567242,4,0,0,0,0
36400548,4,-10.83,0,0,0
34821668,4,-0.06,0,0,0
35360663,4,0,0,0,0
35390903,4,0,0,0,0
36470085,4,0,0,0,0
36603425,4,0,0,0,0
35412350,4,0,0,0,0
34962249,4,-0.07,0,0,0
34429171,4,-0.79,0,0,0
35481952,4,895.92,2,781.97,600
35019887,4,554.42,2,395.6,290
35159475,4,-0.19,0,0,0
34680142,4,-0.53,0,0,0
35488546,4,0,0,0,0
35592841,4,0,0,0,0
35024691,4,21.9,2,42.68,0
36189949,4,-0.01,0,0,0
36147669,4,-0.92,0,0,0
36492765,4,0,0,0,0
36773966,4,-0.04,0,0,0
34685987,4,14.41,1,18.31,0
35395916,4,0,0,0,0
35914049,4,0,0,0,0
36477873,4,0,0,0,0
34613062,4,0,0,0,0
34522541,4,4.1,0,3.69,0
36744069,4,0,0,0,0
36506072,4,0,0,0,0
35558325,4,0,0,0,0
31557920,4,0,0,0,0
1602387,4,-0.01,0,0,0
36057267,4,-1.03,0,0,0
35987591,4,-0.29,0,0,0
35919933,4,16.01,1,26.84,0
34377732,4,0,0,0,0
35882704,4,-0.12,0,0,0
36806788,4,40,0,0,40
35376190,4,-0.18,0,0,0
36724114,4,0,0,0,0
35096311,4,0,0,0,0
34695135,4,0,0,0,0
35307905,4,-0.36,0,0,0
36070231,4,-0.62,0,0,0
36682150,4,0,0,0,0
35553965,4,-0.01,0,0,0
36662178,4,0,0,0,0
35768578,4,0,0,0,0
35546173,4,0,0,0,0
35263684,4,0,0,0,0
35908117,4,-0.36,0,0,0
36821184,4,0,0,0,0
35324905,4,-0.13,0,0,0
35587570,4,13.36,2,28.78,0
36378088,4,0,0,0,0
34252550,4,0,0,0,0
35502209,4,0,0,0,0
34599453,4,0,0,0,0
36660285,4,-0.24,0,0,0
35027283,4,-0.94,0,0,0
35319763,4,0,0,0,0
35341228,4,0,0,0,0
36741990,4,0,0,0,0
36098142,4,0,0,0,0
36847264,4,0,0,0,0
36851531,4,0,0,0,0
36187818,4,0,0,0,0
34513498,4,0,0,0,0
35860730,4,0,0,0,0
35123136,4,0,0,0,0
36589740,4,-0.01,0,0,0
36296786,4,0,0,0,0
35555469,4,0,0,0,0
35328073,4,0,0,0,0
34729757,4,0.83,0,0,0
36006949,4,0,0,0,0
35875688,4,467.59,2,280.44,290
34860868,4,0,0,0,0
34591188,4,20.2,0,10.32,0
35215185,4,-5.81,0,0,0
35212723,4,-0.42,0,0,0
35002165,4,0,0,0,0
34554890,4,0,0,0,0
34607918,4,0,0,0,0
36794200,4,0,0,0,0
36323115,4,-0.02,0,0,0
35944705,4,19.88,0,0,20
35501488,4,-0.03,0,0,0
34358188,4,59.85,0,37.53,40
34517811,4,-0.05,0,0,0
34542267,4,-3.65,0,0,0
36499136,4,140,0,0,140
35279931,4,0,0,0,0
36519593,4,-2.26,0,0,0
36841333,4,0,0,0,0
34894261,4,0,0,0,0
35628737,4,-0.08,0,0,0
33224610,4,-0.83,0,0,0
35620482,4,0,0,0,0
35122995,4,0,0,0,0
35556524,4,-0.03,0,0,0
34911035,4,0,0,0,0
34848796,4,0,0,0,0
34809366,4,0,0,0,0
36677222,4,-1.26,0,0,0
35487045,4,0,0,0,0
36488909,4,0,0,0,0
35270586,4,-0.54,0,0,0
36533357,4,0,0,0,0
35575145,4,0,0,0,0
34994974,4,-0.16,0,0,0
35904891,4,0,0,0,0
36664595,4,-0.05,0,0,0
35819502,4,0,0,0,0
36033122,4,0,0,0,0
32462453,4,0,0,0,0
34640991,4,0,0,0,0
35038657,4,0,0,0,0
36852098,4,0,0,0,0
36850159,4,0,0,0,0
36357959,4,0,0,0,0
35613357,4,0,0,0,0
34378254,4,0,0,0,0
34978795,4,-0.2,0,0,0
34613442,4,0,0,0,0
34451727,4,0,0,0,0
36231837,4,-0.01,0,0,0
36783096,4,0,0,0,0
36652608,4,-0.07,0,0,0
36828796,4,0,0,0,0
35564710,4,-0.1,0,0,0
35231703,4,0,0,0,0
33847953,4,-0.14,0,0,0
35731630,4,0,0,0,0
2238951,4,-0.04,0,0,0
34606321,4,0,0,0,0
34334391,4,0,0,0,0
36133800,4,0,0,0,0
36287615,4,0,0,0,0
36014830,4,0,0,0,0
34945648,4,3.05,0,3.15,0
34956236,4,0,0,0,0
36210773,4,0,0,0,0
36777529,4,0,0,0,0
36912858,4,0,0,0,0
34457231,4,13.95,1,13.95,0
36884527,4,0,0,0,0
36697798,4,0,0,0,0
34645899,4,0,0,0,0
34816967,4,-0.1,0,0,0
35944369,4,0,0,0,0
35153533,4,0,0,0,0
36722963,4,0,0,0,0
36731488,4,-0.02,0,0,0
36918938,4,0,0,0,0
34457901,4,0,0,0,0
35077775,4,39.17,0,0,40
34807086,4,0,0,0,0
35010104,4,0,0,0,0
16710434,4,0,0,0,0
34695362,4,0,0,0,0
35441832,4,0,0,0,0
35501053,4,0,0,0,0
35059383,4,0,0,0,0
36321804,4,-0.03,0,0,0
35476558,4,703.31,3,531.8,290
35491413,4,-1.65,0,0,0
35523233,4,-3.14,0,0,0
34738441,4,0,0,0,0
34691784,4,0,0,0,0
35156296,4,-0.45,0,0,0
36550540,4,0,0,0,0
36495945,4,0,0,0,0
36157662,4,20,0,0,20
35569834,4,0,0,0,0
35648744,4,0,0,0,0
36354114,4,0,0,0,0
36148703,4,6.16,1,6.16,0
36919571,4,0,0,0,0
35276182,4,0,0,0,0
33871185,4,10.98,2,17.93,0
34903980,4,0,0,0,0
36039795,4,0,0,0,0
35815097,4,136.29,1,0,140
34595507,4,0,0,0,0
35569660,4,0,0,0,0
34604649,4,57.2,1,61.67,0
36642573,4,-0.01,0,0,0
36647560,4,0,0,0,0
36440078,4,0,0,0,0
35693658,4,0,0,0,0
36874092,4,0,0,0,0
35001250,4,0,0,0,0
35775344,4,0,0,0,0
35591797,4,-1.36,0,0,0
35254287,4,0,0,0,0
35448337,4,2.56,0,0,0
35758145,4,0,0,0,0
36338414,4,0,0,0,0
35202722,4,0,0,0,0
34509085,4,0,0,0,0
35141038,4,-0.02,0,0,0
35682153,4,0,0,0,0
36289978,4,-5.31,2,0,0
35263113,4,-0.25,0,0,0
35590746,4,-0.02,0,0,0
35826863,4,0,0,0,0
34849254,4,0,0,0,0
36454089,4,0,0,0,0
36639440,4,0,0,0,0
36118080,4,-0.38,0,0,0
36672527,4,-1.56,0,0,0
35848505,4,-0.03,0,0,0
35632960,4,108.66,2,238.02,40
34654559,4,0,0,0,0
36319564,4,-0.01,0,0,0
34306743,4,-0.2,0,0,0
36855909,4,0,0,0,0
34428801,4,29.21,1,46.7,0
34447993,4,0,0,0,0
35761897,4,-0.89,0,0,0
35779576,4,0,0,0,0
36541754,4,0,0,0,0
35451113,4,0,0,0,0
35427382,4,0,0,0,0
36187344,4,18.96,0,0,20
33955274,4,-0.21,0,0,0
34542042,4,0,0,0,0
36066985,4,0,0,0,0
35067485,4,-0.13,0,0,0
35856864,4,-0.01,0,0,0
35178809,4,85,0,5.4,80
34734128,4,0,0,0,0
36556379,4,0,0,0,0
36881704,4,0,0,0,0
36141367,4,-0.03,0,0,0
34444311,4,-0.73,0,0,0
35805682,4,0,0,0,0
34644180,4,0,0,0,0
36324539,4,0,0,0,0
36184616,4,0,0,0,0
36046896,4,-0.07,0,0,0
35659835,4,-70.12,2,34.56,0
35166534,4,0,0,0,0
36626684,4,0,0,0,0
34636891,4,41.34,0,0,40
34586293,4,-0.09,0,0,0
36340935,4,4.86,0,5.12,0
36779757,4,0,0,0,0
34649840,4,0,0,0,0
36664570,4,-0.11,0,0,0
36406096,4,-1.17,0,0,0
35181271,4,-0.09,0,0,0
34784188,4,0.94,0,3.28,0
14680707,4,0,0,0,0
34842660,4,0,0,0,0
36855131,4,0,0,0,0
35710154,4,-0.18,0,0,0
27525727,4,-0.83,0,0,0
35064262,4,-1.7,0,0,0
36775222,4,0,0,0,0
34554313,4,-0.04,0,0,0
35211240,4,288.03,2,68.4,290
34827218,4,50.28,0,54.37,0
35775599,4,-0.38,0,0,0
36294492,4,0,0,0,0
35201829,4,0,0,0,0
34198893,4,289.92,0,0,290
35519727,4,0,0,0,0
36846479,4,0,0,0,0
35533824,4,0,0,0,0
35312401,4,-0.04,0,0,0
36511941,4,-0.01,0,0,0
34651854,4,0,0,0,0
35020235,4,0,0,0,0
34449836,4,0,0,0,0
35945920,4,17.29,1,23.92,0
35059322,4,5.63,0,6.72,0
36259367,4,0,0,0,0
35156757,4,-0.89,0,0,0
36347415,4,0,0,0,0
36313236,4,0,0,0,0
36700746,4,0,0,0,0
35640140,4,-0.03,0,0,0
34273328,4,0,0,0,0
36433689,4,0,0,0,0
34818028,4,0,0,0,0
36597026,4,0,0,0,0
34464626,4,0,0,0,0
36744667,4,0,0,0,0
34310351,4,0,0,0,0
34729792,4,-0.28,0,0,0
36361084,4,-0.62,0,0,0
35739674,4,0,0,0,0
35475364,4,89.14,1,127.01,0
34924643,4,0,0,0,0
35652831,4,0,0,0,0
35043263,4,14.63,2,28.84,0
34875344,4,0,0,0,0
35763369,4,-0.06,0,0,0
35852002,4,-0.03,0,0,0
35363875,4,-0.12,0,0,0
34879067,4,0,0,0,0
35686755,4,0,0,0,0
35078241,4,0,0,0,0
34585885,4,-0.11,0,0,0
34913120,4,0,0,0,0
35913573,4,0,0,0,0
6155205,4,0,0,0,0
34352810,4,-0.13,0,0,0
34751914,4,0,0,0,0
34414561,4,7.53,0,9.58,0
35572216,4,0,0,0,0
34653947,4,-0.03,0,0,0
36597315,4,-0.26,0,0,0
36275512,4,0,0,0,0
36462247,4,0,0,0,0
34840496,4,-0.04,0,0,0
36911384,4,0,0,0,0
35828152,4,0,0,0,0
34537756,4,0,0,0,0
34456893,4,42,1,93.3,0
35062729,4,-6.42,0,0,0
36333487,4,-0.03,0,0,0
36639705,4,-0.09,0,0,0
36940897,4,0,0,0,0
34441206,4,0,0,0,0
36389842,4,0,0,0,0
12628194,4,0,0,0,0
34443616,4,290,0,0,290
35426824,4,0,0,0,0
35524294,4,-0.25,0,0,0
35722403,4,396.15,1,25.38,400
34761285,4,0.75,0,0,0
36417332,4,0,0,0,0
36317204,4,0,0,0,0
34759843,4,-0.1,0,0,0
35651242,4,-0.07,0,0,0
36186437,4,-0.02,0,0,0
35641932,4,-0.47,0,0,0
35159298,4,-0.33,0,0,0
36689806,4,0,0,0,0
34540708,4,-0.88,0,0,0
34978359,4,0,0,0,0
36855912,4,0,0,0,0
36492295,4,-0.09,0,0,0
36618285,4,-0.21,0,0,0
34808193,4,0,0,0,0
34227641,4,-0.32,0,0,0
35833728,4,0,0,0,0
35719904,4,0,0,0,0
36192232,4,0,0,0,0
34981797,4,-0.06,0,0,0
34383812,4,39.15,1,63.21,0
35485481,4,0,0,0,0
34054248,4,0,0,0,0
36859844,4,0,0,0,0
35036024,4,-0.51,0,0,0
35645138,4,0,0,0,0
36223216,4,0,0,0,0
36794039,4,0,0,0,0
35066452,4,0,0,0,0
36074485,4,4.13,0,4.5,0
35599890,4,-0.67,0,0,0
35584272,4,0,0,0,0
35168092,4,-0.96,0,0,0
36917231,4,0,0,0,0
35275841,4,-0.11,0,0,0
36380108,4,-2.01,0,0,0
34886367,4,0,0,0,0
36077319,4,0,0,0,0
36641307,4,-0.02,0,0,0
35590247,4,72.35,0,0,80
35584801,4,7.72,0,8.15,0
36658958,4,0,0,0,0
34564592,4,16.28,0,19.22,0
36363348,4,-0.22,0,0,0
648563,4,-27.49,0,0,0
36800338,4,-0.06,0,0,0
35535028,4,0,0,0,0
36424159,4,-0.01,0,0,0
36230175,4,0,0,0,0
36397887,4,0,0,0,0
35524061,4,-0.05,0,0,0
35271465,4,20,0,0,20
33988894,4,0,0,0,0
35632828,4,-0.19,0,0,0
35420357,4,0,0,0,0
36508599,4,-0.71,0,0,0
35758860,4,0,0,0,0
34031766,4,71.79,1,57.19,40
35266359,4,-0.13,0,0,0
21315174,4,30.48,1,99.63,0
34665055,4,0,0,0,0
36130067,4,0,0,0,0
36438614,4,0,0,0,0
34728461,4,0,0,0,0
36171951,4,0,0,0,0
35127447,4,0,0,0,0
36616311,4,0,0,0,0
35533999,4,-0.26,0,0,0
35454964,4,0,0,0,0
36194837,4,0,0,0,0
34880557,4,-19.48,0,0,0
35467692,4,-0.42,0,0,0
34730612,4,0,0,0,0
36673811,4,0,0,0,0
36344029,4,0,0,0,0
36434128,4,0,0,0,0
34472413,4,0,0,0,0
35566065,4,0,0,0,0
35023658,4,3.11,0,6.3,0
36655591,4,0,0,0,0
35442500,4,-0.25,0,0,0
35180431,4,0,0,0,0
35372714,4,-0.02,0,0,0
34820676,4,-5.46,0,0,0
35974419,4,9.9,1,9.9,0
36707312,4,0,0,0,0
36773292,4,0,0,0,0
35612292,4,-0.1,0,0,0
34604532,4,0,0,0,0
36127926,4,0,0,0,0
35391468,4,24.28,1,16.26,0
35070190,4,-0.04,0,0,0
34422765,4,-0.62,0,0,0
34984104,4,0,0,0,0
36318831,4,-0.07,0,0,0
34751839,4,-0.02,0,0,0
35853835,4,0,0,0,0
34768450,4,0,0,0,0
35033214,4,0,0,0,0
1013925,16,-0.69,0,0,0
4092663,16,-1.38,0,0,0
7008099,16,0,0,0,0
7339311,16,0,0,0,0
12390586,16,-0.62,0,0,0
13460102,16,-0.76,0,0,0
13481749,16,0,0,0,0
15650905,16,-0.08,0,0,0
18339240,16,-0.18,0,0,0
19434083,16,-0.45,0,0,0
29573789,16,0,0,0,0
33170054,16,-0.17,0,0,0
33233010,16,-0.14,0,0,0
33841177,16,13.78,0,73.71,0
34006505,16,32.37,0,35.63,0
34087208,16,-0.04,0,0,0
34263995,16,0,0,0,0
34307856,16,20,0,0,20
34359698,16,0,0,0,0
34362422,16,0,0,0,0
34374881,16,-6.31,1,18.06,0
34375536,16,-0.11,0,0,0
34376616,16,0,0,0,0
34377529,16,0,0,0,0
34378316,16,0,0,0,0
34380472,16,0,0,0,0
34381140,16,5.83,0,7.16,0
34388107,16,-3.49,0,0,0
34396809,16,1.74,0,5.08,0
34397506,16,-0.4,0,0,0
34403948,16,-0.09,0,0,0
34404664,16,4.79,0,4.85,0
34407050,16,0,0,0,0
34411132,16,0,0,0,0
34423572,16,2.71,0,3.41,0
34431481,16,0,0,0,0
34431625,16,0,0,0,0
34431707,16,0,0,0,0
34431872,16,0,0,0,0
34432637,16,0,0,0,0
34433049,16,0,0,0,0
34433369,16,-0.28,0,0,0
34436427,16,-0.03,0,0,0
34444905,16,-0.17,0,0,0
34445119,16,0,0,0,0
34448370,16,0,0,0,0
34452423,16,-0.05,0,0,0
34453398,16,-0.01,0,0,0
34455483,16,0,0,0,0
34460910,16,14.69,0,41.26,0
34461963,16,-0.44,0,0,0
34474461,16,-20.94,0,0,0
34480974,16,-22.03,0,0,0
34485915,16,0,0,0,0
34486655,16,0,0,0,0
34490133,16,0,0,0,0
34494734,16,0,0,0,0
34502142,16,0,0,0,0
34507601,16,-1.5,0,0,0
34516335,16,-35.04,0,0,0
34520909,16,15.53,1,19.23,0
34522734,16,0,0,0,0
34526137,16,-0.34,0,0,0
34535987,16,0,0,0,0
34539481,16,-0.09,0,0,0
34539546,16,0,0,0,0
34539559,16,0,0,0,0
34544148,16,0,0,0,0
34548266,16,0,0,0,0
34549929,16,2.4,0,10.37,0
34554496,16,1.12,0,0,0
34555571,16,0,0,0,0
34562009,16,0,0,0,0
34564448,16,4.9,0,4.9,0
34568446,16,113.56,1,178.92,0
34569580,16,158.42,0,130.08,120
34569624,16,0,0,0,0
34570715,16,-0.08,0,0,0
34572734,16,-0.06,0,0,0
34581343,16,10.28,0,11.65,0
34588899,16,-0.15,0,0,0
34589173,16,-0.02,0,0,0
34594530,16,0,0,0,0
34594644,16,0,0,0,0
34607199,16,0,0,0,0
34609868,16,0,0,0,0
34612137,16,1.84,2,0,0
34614966,16,-0.67,0,0,0
34625103,16,-0.08,0,0,0
34626095,16,0,0,0,0
34626582,16,0,2,0,0
34629077,16,-3.84,0,0,0
34631961,16,0,0,0,0
34633903,16,0,0,0,0
34634011,16,459.99,2,1597.33,0
34634766,16,0,0,0,0
34641932,16,169.65,1,133.84,40
34644733,16,0,0,0,0
34647209,16,0,0,0,0
34654847,16,-0.12,0,0,0
34661029,16,-0.43,0,0,0
34668011,16,0,0,0,0
34675227,16,0,0,0,0
34684053,16,0,0,0,0
34688622,16,9.56,0,10.36,0
34694120,16,-0.02,0,0,0
34705938,16,-30.69,0,7.7,0
34706336,16,0,0,0,0
34706486,16,0,0,0,0
34707224,16,29.91,0,33.8,0
34707928,16,0,0,0,0
34709166,16,-0.37,0,0,0
34709984,16,0,0,0,0
34710895,16,-0.14,0,0,0
34711684,16,0,0,0,0
34723202,16,-0.01,0,0,0
34725760,16,-0.66,0,0,0
34726217,16,-0.16,0,0,0
34732428,16,0,0,0,0
34743181,16,0,0,0,0
34748615,16,0,0,0,0
34751437,16,0,0,0,0
34751544,16,0,0,0,0
34769170,16,0,0,0,0
34772149,16,0,0,0,0
34773244,16,10.06,0,8.49,0
34774865,16,0,0,0,0
34775049,16,80,0,0,80
34776596,16,0,0,0,0
34786607,16,0,0,0,0
34791531,16,0,0,0,0
34794284,16,0,0,0,0
34806525,16,0,0,0,0
34806723,16,-16.47,2,0,0
34807007,16,-0.01,0,0,0
34808508,16,0,0,0,0
34808710,16,6.34,0,6.45,0
34808936,16,0,0,0,0
34813145,16,0,0,0,0
34813311,16,-0.03,0,0,0
34813943,16,0,0,0,0
34824658,16,0,0,0,0
34826434,16,0,0,0,0
34831502,16,-0.43,0,0,0
34832711,16,0,0,0,0
34838118,16,0,0,0,0
34840321,16,-4.31,0,0,0
34847905,16,0,0,0,0
34848090,16,0,0,0,0
34849796,16,0,0,0,0
34851010,16,0,0,0,0
34851554,16,-179.97,3,48.02,0
34852153,16,0,0,0,0
34852615,16,-0.25,0,0,0
34854061,16,158.05,0,45.18,120
34856163,16,0,0,0,0
34858016,16,0,0,0,0
34862041,16,0,0,0,0
34863501,16,0,0,0,0
34868016,16,0,0,0,0
34868340,16,0,0,0,0
34869354,16,0,0,0,0
34869362,16,0,0,0,0
34871160,16,0,0,0,0
34872747,16,-0.95,0,0,0
34875252,16,0,0,0,0
34876167,16,0,0,0,0
34881076,16,0,0,0,0
34881539,16,0,0,0,0
34886317,16,0,0,0,0
34886832,16,-1.28,0,0,0
34887924,16,-0.01,0,0,0
34888172,16,0,0,0,0
34892587,16,-0.18,0,0,0
34901603,16,75.63,0,0,80
34906298,16,0,0,0,0
34907628,16,0,0,0,0
34912791,16,0,0,0,0
34919983,16,0,0,0,0
34925541,16,0,0,0,0
34927197,16,0,0,0,0
34929940,16,0,0,0,0
34938522,16,0,0,0,0
34943193,16,0,0,0,0
34944914,16,0,0,0,0
34946641,16,3.69,0,4.5,0
34955383,16,0,0,0,0
34960505,16,-0.24,0,0,0
34964162,16,0,0,0,0
34967314,16,0,0,0,0
34970934,16,-1.1,0,0,0
34976440,16,0,0,0,0
34984853,16,114.03,1,206.04,0
34987841,16,0,0,0,0
34992495,16,80.43,0,43.79,40
34992682,16,-0.42,0,0,0
34993826,16,-0.16,0,0,0
34994193,16,-0.85,0,0,0
34994304,16,0,0,0,0
35005373,16,10.22,0,10.6,0
35005596,16,0,0,0,0
35006060,16,-20.53,0,0,40
35011318,16,-0.05,0,0,0
35015137,16,-0.07,0,0,0
35019448,16,-0.01,0,0,0
35026409,16,-1.67,0,0,0
35027821,16,19.41,0,13.78,0
35035581,16,-0.04,0,0,0
35042740,16,0,0,0,0
35042853,16,39.85,0,0,40
35055178,16,-0.07,0,0,0
35059455,16,0,0,0,0
35062337,16,-0.81,0,0,0
35063675,16,-0.46,0,0,0
35068557,16,0,0,0,0
35069143,16,0,0,0,0
35069647,16,7,0,7.2,0
35071319,16,0,0,0,0
35071424,16,-9.17,0,0,0
35072465,16,-0.01,0,0,0
35074715,16,-0.28,0,0,0
35078632,16,-0.58,0,0,0
35078644,16,0,0,0,0
35085487,16,303.31,1,336.33,0
35090008,16,-0.29,0,0,0
35094328,16,0,0,0,0
35094555,16,0,0,0,0
35095764,16,-0.08,0,0,0
35100120,16,-3.9,0,0,0
35102581,16,-0.09,0,0,0
35103932,16,-0.36,0,0,0
35109994,16,0,0,0,0
35111498,16,0,0,0,0
35113581,16,0,0,0,0
35128694,16,6.97,0,6.6,0
35130151,16,0,0,0,0
35143131,16,144.67,1,10.9,140
35145482,16,-0.41,0,0,0
35157225,16,0,0,0,0
35160421,16,0,0,0,0
35161868,16,0,2,0,0
35165900,16,-0.01,0,0,0
35168304,16,0,0,0,0
35168905,16,-0.41,0,0,0
35170440,16,0,0,0,0
35175666,16,0,0,0,0
35178436,16,0,0,0,0
35179296,16,1.59,2,5.58,0
35182103,16,-0.08,0,0,0
35184074,16,-2.13,0,0,0
35186473,16,14.14,0,12.88,0
35191925,16,-5.76,1,72.78,0
35199713,16,8.41,0,6.48,0
35200462,16,-0.1,0,0,0
35203617,16,13.6,0,15.08,0
35206242,16,-0.18,0,0,0
35213175,16,0,0,0,0
35214746,16,0,0,0,0
35215532,16,35.71,0,31.85,0
35221551,16,-0.06,0,0,0
35228498,16,1.7,0,0,0
35229284,16,0,0,0,0
35235829,16,-0.14,0,0,0
35236515,16,0,0,0,0
35244017,16,0,0,0,0
35251503,16,-0.08,0,0,0
35251820,16,0,0,0,0
35257636,16,-0.09,0,0,0
35257641,16,0,0,0,0
35269568,16,-0.01,0,0,0
35271305,16,0,0,0,0
35271656,16,237.73,1,77.16,210
35275198,16,0,0,0,0
35275217,16,-0.26,0,0,0
35282965,16,40,0,0,40
35286345,16,0,0,0,0
35300343,16,-1.47,0,0,0
35303377,16,-0.46,0,0,0
35303706,16,-7.82,0,0,0
35308235,16,4.44,0,4.87,0
35312497,16,0,0,0,0
35313181,16,178.65,0,0,180
35315147,16,0,0,0,0
35320101,16,2.31,0,0,0
35328811,16,18.88,1,23.53,0
35330469,16,0,0,0,0
35332929,16,-0.19,0,0,0
35339200,16,-0.11,0,0,0
35340055,16,-0.24,0,0,0
35340306,16,0,0,0,0
35342698,16,0,0,0,0
35343770,16,67.74,0,0,70
35359162,16,0,0,0,0
35359857,16,8.2,0,5.75,0
35360935,16,0,0,0,0
35366530,16,-0.05,0,0,0
35367193,16,0,0,0,0
35369369,16,47.8,1,8.78,40
35383420,16,0,0,0,0
35388103,16,0,0,0,0
35389025,16,0,0,0,0
35393087,16,0,0,0,0
35396493,16,0,0,0,0
35397305,16,0,0,0,0
35403530,16,16.59,0,21.86,0
35411331,16,0,0,0,0
35416953,16,0,0,0,0
35418939,16,0,0,0,0
35423850,16,0,0,0,0
35424374,16,5.35,0,6.91,0
35428983,16,-0.34,0,0,0
35434675,16,11.64,0,17.1,0
35447194,16,0,0,0,0
35447413,16,0,0,0,0
35450493,16,0,0,0,0
35452085,16,0,0,0,0
35452498,16,0,0,0,0
35456036,16,0,0,0,0
35456331,16,-3.54,0,0,0
35458605,16,-0.01,0,0,0
35462531,16,1193.89,2,1783.62,0
35464207,16,-0.02,0,0,0
35465273,16,-1.65,0,0,0
35469143,16,0,0,0,0
35470686,16,-0.04,0,0,0
35470942,16,0,0,0,0
35471124,16,16.97,0,22.05,0
35474737,16,-0.18,0,0,0
35475759,16,0,0,0,0
35477869,16,-0.81,0,0,0
35484293,16,-0.22,0,0,0
35485664,16,0,0,0,0
35486794,16,-1.16,0,0,0
35488311,16,0,0,0,0
35489949,16,39.98,0,0,40
35493352,16,-0.11,0,0,0
35494036,16,-0.36,0,0,0
35500136,16,0,0,0,0
35500529,16,0,0,0,0
35503429,16,-0.03,0,0,0
35505027,16,-0.01,0,0,0
35506122,16,0,0,0,0
35506538,16,210,0,0,210
35508171,16,-8.99,0,0,0
35509297,16,0,0,0,0
35511269,16,0,0,0,0
35511671,16,0,0,0,0
35516602,16,-0.01,0,0,0
35522892,16,18.91,1,21.37,0
35523397,16,418.45,1,85.61,400
35524646,16,5.85,0,8.07,0
35533269,16,-0.33,0,0,0
35534909,16,0,2,0,0
35535277,16,-0.81,0,0,0
35541935,16,0,0,0,0
35545227,16,-0.01,0,0,0
35552802,16,-7.15,0,0,0
35558853,16,0,0,0,0
35558984,16,-0.05,0,0,0
35561164,16,0,0,0,0
35562855,16,0,0,0,0
35575409,16,-0.32,0,0,0
35578619,16,-0.06,0,0,0
35583668,16,0,0,0,0
35589095,16,-1.09,0,0,0
35591923,16,0,0,0,0
35594161,16,19,0,24.05,0
35601612,16,0,0,0,0
35608077,16,-0.14,0,0,0
35610102,16,127.21,1,77.71,70
35615910,16,-0.06,0,0,0
35619974,16,0,0,0,0
35620402,16,0,0,0,0
35625261,16,0,0,0,0
35625512,16,5.52,1,6.91,0
35630102,16,-0.04,0,0,0
35635109,16,0,0,0,0
35638371,16,0,0,0,0
35639707,16,0,0,0,0
35640567,16,0,0,0,0
35642951,16,0,0,0,0
35644554,16,0,0,0,0
35645020,16,0,0,0,0
35645570,16,-1.19,0,0,0
35647174,16,-0.07,0,0,0
35647892,16,-0.03,0,0,0
35649624,16,0.45,0,4.01,0
35650501,16,-1.04,0,0,0
35658243,16,0,0,0,0
35659281,16,-0.15,0,0,0
35663127,16,0,0,0,0
35664893,16,0,0,0,0
35670505,16,0,0,0,0
35671885,16,-0.32,0,0,0
35677044,16,-2.41,0,0,0
35677139,16,0,0,0,0
35677653,16,-0.09,0,0,0
35678067,16,0,0,0,0
35678218,16,-0.02,0,0,0
35679002,16,0,0,0,0
35680190,16,-0.16,0,0,0
35682390,16,-0.32,0,0,0
35683392,16,0,0,0,0
35686445,16,0,0,0,0
35687062,16,-15.59,1,45.99,0
35687510,16,-0.01,0,0,0
35688208,16,0,0,0,0
35692173,16,0,0,0,0
35693352,16,-6.58,1,4.47,0
35694092,16,0,0,0,0
35696283,16,9.31,1,4.33,0
35696382,16,8.24,1,14.35,0
35705978,16,-0.09,0,0,0
35706716,16,0,0,0,0
35708331,16,-0.9,0,0,0
35708345,16,-4.97,0,0,0
35723291,16,-20.24,1,11.24,0
35723709,16,6.13,1,7.56,0
35723984,16,-0.07,0,0,0
35753328,16,0,0,0,0
35762291,16,0,0,0,0
35765111,16,0,0,0,0
35766347,16,0,0,0,0
35778023,16,0,0,0,0
35796394,16,4.1,0,4.3,0
35855444,16,0,0,0,0
35869204,16,0,0,0,0
35910855,16,6.36,0,4.95,0
35914513,16,264.12,3,28.79,290
35949891,16,0,0,0,0
35951495,16,0,0,0,0
35958206,16,-0.45,0,0,0
35993444,16,82.14,2,23.4,140
35997290,16,-0.09,0,0,0
36009952,16,0,0,0,0
36010353,16,0,0,0,0
36010881,16,-75.38,0,0,0
36011575,16,30.17,0,45,0
36013664,16,-0.05,0,0,0
36015549,16,19.57,2,33.06,0
36019880,16,7.09,1,13.73,0
36024863,16,0,0,0,0
36025768,16,0,0,0,0
36037611,16,-0.36,0,0,0
36038034,16,0,0,0,0
36047564,16,-3.48,0,0,0
36052544,16,-1.41,0,0,0
36053103,16,-0.59,0,0,0
36053241,16,-0.02,0,0,0
36053313,16,0,0,0,0
36058659,16,0,0,0,0
36060845,16,-0.44,0,0,0
36064027,16,0,0,0,0
36065579,16,0,0,0,0
36079002,16,0,0,0,0
36087861,16,-1.48,0,0,0
36092139,16,42.61,1,9.17,40
36095902,16,0,0,0,0
36100369,16,0,0,0,0
36102696,16,0,0,0,0
36104639,16,0,0,0,0
36104954,16,-0.24,0,0,0
36112706,16,314.4,2,33.07,290
36113287,16,-0.06,0,0,0
36116892,16,-0.01,0,0,0
36118939,16,0,0,0,0
36119664,16,0,0,0,0
36123294,16,0,0,0,0
36123688,16,-0.05,0,0,0
36129682,16,69.78,0,0,70
36145206,16,0,0,0,0
36148131,16,7.04,1,7.04,0
36148305,16,-3.19,0,0,0
36158553,16,290,0,0,290
36161423,16,0,0,0,0
36165078,16,0,0,0,0
36166864,16,-0.76,0,0,0
36168291,16,0,0,0,0
36170603,16,-0.21,0,0,0
36173464,16,0,0,0,0
36179110,16,0,0,0,0
36189312,16,-3.3,0,0,0
36198467,16,114.6,1,10.98,140
36204163,16,15.18,1,19.73,0
36205255,16,0,0,0,0
36206157,16,0,0,0,0
36208315,16,0,0,0,0
36212131,16,0,0,0,0
36213950,16,0,0,0,0
36220942,16,-0.9,0,0,0
36225431,16,0,0,0,0
36228448,16,-0.01,0,0,0
36228757,16,40,0,0,40
36229632,16,0,0,0,0
36230715,16,0,0,0,0
36231046,16,0,0,0,0
36231281,16,0,0,0,0
36231454,16,0,0,0,0
36231772,16,0,0,0,0
36236312,16,0,0,0,0
36236940,16,0,0,0,0
36242563,16,-1.23,1,0,0
36245661,16,0,0,0,0
36246700,16,-7.44,0,0,0
36249064,16,14.87,1,64.46,300
36249861,16,0,0,0,0
36250374,16,-0.95,0,0,0
36252716,16,-15.59,2,14.16,0
36254718,16,0,0,0,0
36255570,16,0,0,0,0
36258050,16,-37.52,1,34.49,0
36258720,16,0,0,0,0
36264079,16,0,0,0,0
36271159,16,0,0,0,0
36271233,16,0,0,0,0
36273654,16,-0.03,0,0,0
36274271,16,0,0,0,0
36274280,16,0,0,0,0
36275108,16,0,0,0,0
36276600,16,-0.03,0,0,0
36283216,16,0,0,0,0
36286336,16,0,0,0,0
36287077,16,0,0,0,0
36288326,16,0,0,0,0
36289166,16,0,0,0,0
36289653,16,0,0,0,0
36301329,16,0,0,0,0
36302972,16,0,0,0,0
36303222,16,-0.03,0,0,0
36307830,16,0,0,0,0
36308735,16,0,0,0,0
36310108,16,-0.01,0,0,0
36311518,16,-0.02,0,0,0
36314417,16,0,0,0,0
36315567,16,-0.12,0,0,0
36316949,16,-2.1,0,0,0
36317802,16,-0.05,0,0,0
36318429,16,0,0,0,0
36328629,16,5.92,0,5.99,0
36329124,16,0,0,0,0
36332566,16,0,0,0,0
36334548,16,-0.03,0,0,0
36338310,16,0,0,0,0
36339644,16,0,0,0,0
36346486,16,0,0,0,0
36349460,16,0,0,0,0
36355677,16,-0.05,0,0,0
36358942,16,-0.07,0,0,0
36361393,16,0,0,0,0
36361477,16,0,0,0,0
36363162,16,0,0,0,0
36369173,16,0,0,0,0
36369867,16,275.99,0,0,290
36370272,16,0,0,0,0
36373594,16,-0.05,0,0,0
36374960,16,-0.36,0,0,0
36375071,16,0,0,0,0
36377679,16,0,0,0,0
36377724,16,-0.24,0,0,0
36383363,16,-0.18,0,0,0
36394274,16,0,0,0,0
36394328,16,0,0,0,0
36399842,16,0,0,0,0
36400151,16,0,0,0,0
36401029,16,-0.08,0,0,0
36402956,16,-0.06,0,0,0
36404535,16,0,0,0,0
36410726,16,0,0,0,0
36412542,16,0,0,0,0
36412854,16,0,0,0,0
36413496,16,-0.11,0,0,0
36418487,16,0,0,0,0
36425926,16,0,0,0,0
36427233,16,0,0,0,0
36434587,16,-0.01,0,0,0
36436811,16,-0.03,0,0,0
36438074,16,40,0,0,40
36439640,16,0,0,0,0
36446708,16,-3.79,1,0,0
36450616,16,0,0,0,0
36451790,16,0,0,0,0
36467424,16,0,0,0,0
36469225,16,0,0,0,0
36469634,16,0,0,0,0
36470625,16,-0.03,0,0,0
36471209,16,-0.08,0,0,0
36471863,16,-1.02,1,15,0
36472516,16,0,0,0,0
36473174,16,0,0,0,0
36473405,16,0,0,0,0
36482373,16,0,0,0,0
36485222,16,0,0,0,0
36486819,16,-0.35,0,0,0
36487955,16,-0.03,0,0,0
36497546,16,0,0,0,0
36500240,16,0,0,0,0
36501468,16,-0.27,0,0,0
36504797,16,-0.36,0,0,0
36511794,16,0,0,0,0
36514215,16,-1.32,0,0,0
36519776,16,0,0,0,0
36522338,16,0,0,0,0
36526240,16,39.9,0,0,40
36531795,16,-1.16,0,0,0
36541433,16,-1.63,0,0,0
36542463,16,0,0,0,0
36543579,16,-0.8,0,0,0
36549789,16,0,0,0,0
36555363,16,0,0,0,0
36561463,16,-0.23,0,0,0
36561767,16,0,0,0,0
36562659,16,0,0,0,0
36565104,16,0,0,0,0
36568850,16,0,0,0,0
36574549,16,0,0,0,0
36578124,16,0,0,0,0
36580662,16,0,0,0,0
36581539,16,-4.23,2,0,0
36582721,16,0,0,0,0
36584373,16,0,0,0,0
36585201,16,0,0,0,0
36586053,16,0,0,0,0
36586080,16,0,0,0,0
36594527,16,-0.4,0,0,0
36596475,16,-0.01,0,0,0
36601111,16,0,0,0,0
36601206,16,-0.16,0,0,0
36602538,16,0,0,0,0
36602610,16,-0.03,0,0,0
36604346,16,0,0,0,0
36614613,16,0,0,0,0
36615335,16,-3.68,0,0,0
36615909,16,0,0,0,0
36616382,16,0,0,0,0
36623415,16,0,0,0,0
36628528,16,0,0,0,0
36629148,16,0,0,0,0
36631353,16,0,0,0,0
36632941,16,1.77,1,4.28,0
36633052,16,39.98,0,0,40
36633079,16,0,0,0,0
36633924,16,0,0,0,0
36634169,16,-0.26,0,0,0
36634186,16,2.13,0,0,0
36634268,16,0,0,0,0
36638632,16,0,0,0,0
36643444,16,0,0,0,0
36643479,16,0,0,0,0
36647097,16,0,0,0,0
36647304,16,-0.02,0,0,0
36651178,16,40,0,0,40
36654550,16,0,0,0,0
36657216,16,0,0,0,0
36660913,16,-0.04,0,0,0
36663870,16,0,0,0,0
36664496,16,0,0,0,0
36664656,16,0,0,0,0
36665045,16,0,0,0,0
36666074,16,0,0,0,0
36666789,16,0,0,0,0
36671364,16,-2.55,0,0,0
36676460,16,-0.01,0,0,0
36677472,16,0,0,0,0
36683124,16,0,0,0,0
36684061,16,-0.1,0,0,0
36684152,16,0,0,0,0
36690432,16,0,0,0,0
36692450,16,0,0,0,0
36694458,16,-0.09,0,0,0
36695773,16,0,0,0,0
36696498,16,0,0,0,0
36696812,16,0,0,0,0
36704722,16,290,0,0,290
36707972,16,0,0,0,0
36712890,16,0,0,0,0
36713426,16,0,0,0,0
36719255,16,-0.13,0,0,0
36726194,16,0,0,0,0
36726437,16,0,0,0,0
36726791,16,0,0,0,0
36731352,16,0,0,0,0
36737261,16,0,0,0,0
36738420,16,0,0,0,0
36740374,16,0,0,0,0
36746129,16,0,0,0,0
36746947,16,0,0,0,0
36748199,16,0,0,0,0
36751682,16,-0.18,0,0,0
36757787,16,0,0,0,0
36760074,16,0,0,0,0
36762557,16,0,0,0,0
36768553,16,0,0,0,0
36771654,16,0,0,0,0
36773288,16,-14.06,2,0,0
36776422,16,0,0,0,0
36776636,16,0,0,0,0
36779987,16,0,0,0,0
36781127,16,-0.01,0,0,0
36782953,16,-3.76,0,0,0
36783938,16,0,0,0,0
36790457,16,0,0,0,0
36792029,16,0,0,0,0
36792265,16,0,0,0,0
36793256,16,0,0,0,0
36795208,16,0,0,0,0
36796993,16,0,0,0,0
36797192,16,0,0,0,0
36798012,16,0,0,0,0
36799445,16,0,0,0,0
36799559,16,0,0,0,0
36807175,16,-0.54,0,0,0
36808150,16,0,0,0,0
36809295,16,0,0,0,0
36811429,16,0,0,0,0
36812267,16,0,0,0,0
36824342,16,0,0,0,0
36826615,16,0,0,0,0
36827453,16,0,0,0,0
36834328,16,0,0,0,0
36844507,16,0,0,0,0
36844807,16,0,0,0,0
36847454,16,0,0,0,0
36847710,16,0,0,0,0
36849229,16,0,0,0,0
36850105,16,0,0,0,0
36854388,16,0,0,0,0
36854726,16,0,0,0,0
36855449,16,0,0,0,0
36863469,16,0,0,0,0
36864940,16,0,0,0,0
36865169,16,0,0,0,0
36868000,16,0,0,0,0
36870299,16,0,0,0,0
36873903,16,0,0,0,0
36874681,16,0,0,0,0
36878896,16,0,0,0,0
36886801,16,0,0,0,0
36891376,16,0,0,0,0
36892005,16,0,0,0,0
36892827,16,0,0,0,0
36903541,16,0,0,0,0
36910269,16,0,0,0,0
36910830,16,0,0,0,0
36925203,16,0,0,0,0
36929324,16,0,0,0,0
36930496,16,0,0,0,0
36936873,16,0,0,0,0
36944280,16,0,0,0,0
36946083,16,0,0,0,0
36946655,16,0,0,0,0
34182550,6,0,0,0,0
33513116,6,-0.04,0,0,0
33072834,6,1.38,0,1.98,0
34029525,6,0,0,0,0
33915269,6,0,0,0,0
33056920,6,-0.2,0,0,0
34072483,6,13.97,0,14.7,0
33984356,6,0,0,0,0
33364529,6,-0.7,0,0,0
33878937,6,-0.13,0,0,0
33150444,6,3.55,0,4.31,0
34250580,6,0,0,0,0
31094981,6,41.19,0,53.21,0
33769688,6,0,0,0,0
29251007,6,-9.9,0,0,0
34156387,6,3.23,0,4,0
33080745,6,-0.01,0,0,0
34302446,6,0,0,0,0
33185544,6,0,0,0,0
33233244,6,0,0,0,0
33585773,6,0,0,0,0
26481049,6,-0.25,0,0,0
12993266,6,0,0,0,0
34099735,6,-0.17,0,0,0
33761136,6,222.6,2,361.07,0
33598831,6,-0.42,0,0,0
34316476,6,-0.98,0,0,0
33828439,6,1094.57,2,515.54,670
34003109,6,-0.01,0,0,0
32094834,6,401.49,2,377.98,140
33966792,6,-1.2,0,0,0
33697234,6,0,0,0,0
33816510,6,-1.09,0,0,0
34114351,6,0,0,0,0
33776816,6,6.99,0,6.63,0
33562040,6,0,0,0,0
33989283,6,0,0,0,0
33958733,6,0,0,0,0
33584888,6,-1.3,0,0,0
34255854,6,0,0,0,0
12755495,6,0,0,0,0
34299118,6,0,0,0,0
33080738,6,0,0,0,0
33447383,6,17.72,0,12.54,0
34143038,6,0,0,0,0
33766308,6,150.33,1,183.52,0
32954979,6,-0.02,0,0,0
27741668,6,4382.39,3,3408.21,1200
33051437,6,-0.05,0,0,0
32220034,6,53,0,54.23,0
33193211,6,0,0,0,0
34355477,6,152.78,0,14.11,140
33410921,6,605.08,2,1166.8,0
33832515,6,4.03,0,8.48,0
34370199,6,0,0,0,0
33966044,6,0,0,0,0
34098126,6,0,0,0,0
31077047,6,59,0,0,60
34256248,6,-0.8,0,0,0
34060702,6,0,0,0,0
33071259,6,4.37,0,5.37,0
34154780,6,-0.21,0,0,0
34298327,6,222.9,3,66.78,200
33982569,6,-18.15,2,34.31,0
33347066,6,4.91,1,55.72,0
33549177,6,48.95,1,221.25,0
33314141,6,83,0,3,80
33983877,6,13.83,0,15.87,0
33793117,6,-5.53,0,6.27,0
33100520,6,292.91,0,3.17,290
34358974,6,0,0,0,0
34171100,6,0,0,0,0
28879016,6,-0.07,0,0,0
34171168,6,-0.1,0,0,0
33839683,6,0,0,0,0
33085184,6,-9.31,0,0.95,0
33800923,6,-0.45,0,0,0
33446186,6,16.45,0,27.01,0
34130155,6,0,0,0,0
33637156,6,0,0,0,0
33202442,6,0,0,0,0
34076984,6,-9.73,0,0,0
32598424,6,287.99,0,0,290
33348136,6,0,0,0,0
33995096,6,0,0,0,0
33252198,6,-0.01,0,0,0
34173523,6,32.52,1,47.75,0
33178973,6,266.67,0,3.72,280
34148717,6,31.67,2,39.94,0
34026960,6,-0.01,0,0,0
33758898,6,0,0,0,0
34052492,6,-0.76,0,0,0
33807737,6,0,0,0,0
33723369,6,34.57,0,39.17,0
34150230,6,-0.02,0,0,0
33020948,6,-1.35,0,0,0
34324816,6,-0.36,0,0,0
34064938,6,371.39,0,83.31,290
34222630,6,-0.02,0,0,0
33453370,6,0,0,0,0
34739599,6,40,0,0,40
28015077,6,-7.43,0,0,0
33682653,6,0,0,0,0
33955448,6,21.28,2,44.54,0
34260015,6,-7.21,0,0,0
33863115,6,187.23,1,157.87,80
33082923,6,0,0,0,0
33244308,6,-0.15,0,0,0
33641284,6,2.82,0,3.15,0
1077754,6,-0.03,0,0,0
33369378,6,-0.31,0,0,0
32549179,6,1.93,0,5.2,0
34286610,6,-0.01,0,0,0
34142482,6,3.81,0,4.14,0
32363906,6,46.31,0,43.9,0
33703688,6,0,0,0,0
32154630,6,118.77,0,151.04,0
34192667,6,112.18,0,0,120
34266522,6,0,0,0,0
13358892,6,0,0,0,0
33190253,6,-2.14,0,0,0
33080916,6,7.82,0,4.26,0
34312391,6,0,0,0,0
4166229,6,103.54,0,122.98,0
33378625,6,1159.03,2,1738.58,540
33913654,6,0,0,0,0
30446371,6,-2.26,0,0,0
34323764,6,0,0,0,0
33809813,6,0,0,0,0
33513248,6,-0.32,0,0,0
33900234,6,0,0,0,0
33868374,6,-0.02,0,0,0
30420644,6,440.21,0,63.32,400
33724926,6,0,0,0,0
34133949,6,495.64,2,255.4,290
33542477,6,0,0,0,0
34255098,6,-0.4,0,0,0
33095896,6,21.18,0,38.26,0
31805539,6,5.39,0,24.95,0
33150068,6,-0.04,0,0,0
19123601,6,215.26,2,321.99,120
33339489,6,4.35,0,5.85,0
24890160,6,-5.25,1,11.15,0
33430711,6,0,0,0,0
32507368,6,138.64,0,158.12,0
33063900,6,0,0,0,0
33514126,6,-0.12,0,0,0
33201654,6,-3.62,0,0,0
33055216,6,-4.25,0,0,0
34194694,6,7.73,0,10.4,0
33624465,6,-2.61,0,0,0
33613913,6,0,0,0,0
34299790,6,0,0,0,0
34296970,6,0,0,0,0
32741837,6,-18.5,0,0,0
30483351,6,24.71,0,48.4,0
33478544,6,-0.7,0,18.7,0
32043778,6,0.95,0,0,0
33956901,6,0,0,0,0
33397719,6,60.91,1,76.84,0
33029138,6,0,0,0,0
33748136,6,-0.06,0,0,0
33172014,6,31.46,1,48.71,0
32956944,6,10.31,2,10.31,0
34311263,6,-12.01,0,0,0
33201116,6,44.43,1,57.71,0
33853383,6,-4.33,0,0,0
33651179,6,0,0,0,0
33694234,6,-0.09,0,0,0
33585474,6,39.94,0,0,40
33845910,6,0,0,0,0
33609194,6,0,0,0,0
35168777,6,0.8,0,0,0
34242615,6,-0.28,0,0,0
34367420,6,56.3,2,85.38,0
18536334,6,6.73,0,8.1,0
33810870,6,0,0,0,0
35907706,6,-0.15,0,0,0
34292012,6,-0.41,0,0,0
34210449,6,0,0,0,0
33859274,6,0,0,0,0
33100489,6,0,0,0,0
33492451,6,0,2,0,0
34371854,6,100.95,1,33.27,70
33797587,6,-0.15,0,0,0
33689291,6,-0.17,0,0,0
33565985,6,44.85,0,10.39,40
34069317,6,0.72,0,0,0
32603230,6,-0.26,0,0,0
33422842,6,0,0,0,0
33183837,6,29.7,0,49.23,0
9846199,6,-0.01,0,0,0
33869397,6,0,0,0,0
33194149,6,0,0,0,0
33742524,6,-0.12,0,0,0
32876268,6,193.39,1,524.74,0
30957144,6,5.18,0,6.45,0
33233642,6,-15.73,1,54.81,0
33817163,6,0,0,0,0
33307814,6,-0.22,0,0,0
33642761,6,-19.97,0,0,0
33104443,6,0,0,0,0
33563465,6,-6.61,0,13.86,0
33716626,6,0,0,0,0
33815501,6,73.22,0,81.98,0
33745637,6,0,0,0,0
33432288,6,0,0,0,0
33622091,6,0,0,0,0
33843759,6,11.29,0,14.2,0
33165478,6,-10.57,0,0,0
33477366,6,-0.48,0,0,0
33745173,6,-0.02,0,0,0
34171808,6,-24.69,2,0,0
33436066,6,0.5,0,0,0
33406486,6,104.18,1,165.58,0
33519686,6,-17.38,0,9.6,0
34226193,6,0,0,0,0
36012599,6,10.26,1,36.6,0
33703836,6,40.32,0,40.5,0
33994368,6,85.46,2,152.89,0
33149587,6,3.27,0,4.18,0
34316962,6,0,0,0,0
33896555,6,89.47,0,59.87,0
33072332,6,-0.63,0,0,0
33681534,6,6.86,0,12.23,0
33674283,6,0,0,0,0
33491580,6,-0.13,0,0,0
33232813,6,0,0,0,0
33463900,6,-0.1,0,0,0
33761578,6,4.83,0,14.11,0
34205889,6,0,0,0,0
31893115,6,317.44,0,0,320
33667976,6,-1.29,0,0,0
33448354,6,2073.72,0,98.79,1995
32681954,6,-0.81,0,0,0
34097314,6,0,0,0,0
31696235,6,0,0,0,0
33678196,6,0,0,0,0
33150285,6,2.22,0,2.43,0
34001608,6,0,0,0,0
33770980,6,0,0,0,0
32887410,6,-0.02,0,0,0
33910891,6,0,0,0,0
34047476,6,160,0,0,160
33073129,6,3.75,0,4.72,0
34015674,6,0.32,0,0,0
33817265,6,-9.02,0,0,0
33684604,6,-0.29,0,0,0
33724589,6,621.58,2,977.71,0
34195010,6,0,0,0,0
33077921,6,-0.09,0,0,0
33273304,6,4.75,0,6.46,0
32577812,6,-1.2,0,0,0
34091401,6,0,0,0,0
33608214,6,7.09,0,4.91,0
33176363,6,0,0,0,0
33646088,6,5.99,0,9.15,0
33803683,6,0.7,0,0,0
23034839,6,0,0,0,0
33377188,6,89.28,1,130.97,0
33312275,6,8.18,0,8.35,0
33618385,6,0.58,3,69.48,0
33723714,6,172.45,0,39.7,140
33118218,6,0,0,0,0
32238582,6,-13.07,0,6.97,0
34276960,6,35.85,1,87.31,0
32588294,6,0,0,0,0
33485860,6,0,0,0,0
33925686,6,3.16,2,4.55,0
32547551,6,-28.72,0,0,0
33410034,6,-0.17,0,0,0
33710760,6,11.58,0,14.3,0
33220419,6,45.63,0,5.88,40
31282658,6,-0.02,0,0,0
34166138,6,1.12,0,1.35,0
33161966,6,0,0,0,0
33081543,6,0,0,0,0
33317829,6,12.63,0,13.39,0
33034600,6,-41.97,0,0,0
33869388,6,0,0,0,0
32925733,6,0,0,0,0
33381292,6,-46.88,0,13.18,0
33610725,6,-0.22,0,0,0
33127847,6,-1.09,0,0,0
34014401,6,-1.91,0,0,0
32602733,6,98.7,0,126.51,0
26698970,6,3,0,3.4,0
33107659,6,0,0,0,0
34209110,6,-0.04,0,0,0
34230321,6,-10.23,0,0,0
34179175,6,9.6,0,9.6,0
33343180,6,345.55,2,477.41,0
9576325,6,5.26,0,5.4,0
34123490,6,0,0,0,0
33985752,6,-0.15,0,0,0
34069820,6,22.77,1,26.59,0
34077682,6,0,0,0,0
34219616,6,0,0,0,0
33612027,6,0,0,0,0
33414782,6,0,0,0,0
33134828,6,0,0,0,0
33997171,6,-6.83,0,0,0
33920957,6,0,0,0,0
34325447,6,0,0,0,0
33298404,6,0,0,0,0
33746420,6,-0.1,0,0,0
34015824,6,-8.62,2,0,0
34047974,6,8.93,0,11.65,0
33069901,6,-0.12,0,0,0
33313266,6,-0.35,0,0,0
34069313,6,0,0,0,0
33454413,6,-0.06,0,0,0
34239680,6,285.69,1,171.94,120
34162433,6,9.5,0,12.78,0
33679762,6,0,0,0,0
33842946,6,3.28,0,3.6,0
33384220,6,0,0,0,0
33056239,6,10.24,0,12.09,0
33315825,6,-2.17,0,0,0
33516979,6,4.33,0,10.84,0
34264192,6,-0.01,0,0,0
30830771,6,1802.38,2,921.41,1350
35898358,6,0,0,0,0
33469776,6,-0.01,0,0,0
32551162,6,2219.37,2,1665.78,1494
34189475,6,0,0,0,0
36827758,6,0,0,0,0
34116333,6,0,0,0,0
33288435,6,0,0,0,0
33539777,6,0,0,0,0
33408861,6,2.41,0,3.3,0
34280736,6,0,0,0,0
33143422,6,-5.14,0,0,0
33431013,6,55.1,0,60.94,0
33081060,6,0,0,0,0
34235019,6,8.69,0,9.34,0
33309641,6,-6.31,1,30.13,0
33589033,6,-0.13,0,0,0
33079822,6,0,0,0,0
33496999,6,0,0,0,0
33750320,6,-0.2,0,0,0
34308231,6,1.02,0,14.42,0
33783467,6,-0.43,0,0,0
34178541,6,0,0,0,0
33088935,6,44.47,0,44.9,0
34270775,6,-1.03,0,0,0
34341991,6,-0.06,0,0,0
33208614,6,0,0,0,0
33060535,6,0,0,0,0
33805619,6,0,0,0,0
33072230,6,0,0,0,0
33992730,6,0,0,0,0
33732109,6,402.73,2,292.62,200
34063573,6,-8.19,0,0,0
31515216,6,0,0,0,0
34334041,6,0,0,0,0
33177947,6,-0.98,0,0,0
34008965,6,-0.3,0,0,0
34177693,6,0,0,0,0
34309693,6,0,0,0,0
33827126,6,-0.56,0,0,0
34013086,6,289.49,0,0,290
33927112,6,0,0,0,0
33588511,6,-0.2,0,0,0
33442707,6,446.49,1,273.86,160
34309455,6,-13.15,1,14.4,0
34330022,6,-0.89,0,0,0
34000108,6,0,0,0,0
31955063,6,22.6,0,37.05,0
33335535,6,0,0,0,0
34228923,6,-0.99,0,0,0
33077024,6,-0.69,0,0,0
33356792,6,142.65,1,108.11,40
33815601,6,-1.29,0,0,0
33433632,6,0,0,0,0
33777243,6,12.43,0,12.84,0
33350670,6,-0.04,0,0,0
33062996,6,1590.61,2,1898.34,290
33072703,6,-0.88,0,0,0
32487469,6,1.82,0,4.78,0
34206558,6,0,0,0,0
33905543,6,-0.06,0,0,0
33335762,6,-1.01,0,0,0
34328861,6,0,0,0,0
34160309,6,0,0,0,0
33954813,6,-0.4,0,0,0
33525969,6,0,0,0,0
32851807,6,0,0,0,0
34357028,6,9.7,0,7.8,0
35941105,6,0,0,0,0
33158045,6,-8.89,0,7.92,0
31562197,6,0,0,0,0
34306987,6,-0.16,0,0,0
30369070,6,61.02,0,51.36,0
33339571,6,53.11,0,69.41,0
34089284,6,0,0,0,0
33382096,6,0,0,0,0
31350959,6,222.25,2,466.62,0
34063681,6,-0.06,0,0,0
33638756,6,-0.02,0,0,0
33621794,6,-19.58,0,0,0
35372099,6,0,0,0,0
33135799,6,-0.08,0,0,0
33049987,6,0,0,0,0
36627040,6,-0.03,0,0,0
33607953,6,9.47,2,16.51,0
33286373,6,60.23,0,87.36,0
33573733,6,10.58,0,10.79,0
34170869,6,-6,0,0,0
33606945,6,0,0,0,0
34569773,6,0,0,0,0
33047744,6,0,0,0,0
33271513,6,6.04,0,6.14,0
33379787,6,8.37,0,9.96,0
33782497,6,0,0,0,0
34153277,6,0,0,0,0
33715203,6,0,0,0,0
33846171,6,0,0,0,0
33828791,6,-0.16,0,0,0
33671177,6,56.75,0,69.31,0
33183924,6,13.73,0,22.44,0
33544653,6,34.64,0,1.49,40
33238818,6,-15.64,0,0,0
31046402,6,33.5,0,61.01,0
33877780,6,-3.04,0,0,0
33687422,6,15.42,0,20.79,0
33865872,6,202.64,1,266.68,0
33652762,6,29.13,0,31.2,0
33698162,6,-3.09,0,12.47,0
31414624,6,-1.53,0,0,0
32605735,6,6.6,0,6.88,0
193640,6,-0.12,0,0,0
33255856,6,0.72,0,0,0
33959355,6,39.93,0,0,40
33261312,6,7.98,0,6.64,0
33149894,6,4.54,0,6.5,0
33129394,6,-0.35,0,0,0
34314853,6,19.81,0,0,20
33409239,6,0,0,0,0
33610569,6,-8.01,0,0,0
32122007,6,8.99,0,10.97,0
34031202,6,-0.05,0,0,0
34295266,6,-0.33,0,0,0
33537471,6,-0.1,0,0,0
33888712,6,-10.53,0,0,0
33064540,6,0,0,0,0
34219992,6,0,0,0,0
33296398,6,4.6,0,5.45,0
33963714,6,0,0,0,0
34044856,6,-0.23,0,0,0
34266167,6,0,0,0,0
30275790,6,6.16,0,6.84,0
34023473,6,11.2,0,11.2,0
33233486,6,0,0,0,0
30235339,6,16.57,0,26.13,0
34072960,6,-0.02,0,0,0
33895781,6,27.77,0,48.41,0
33344448,6,177.98,2,107.98,70
33302546,6,-0.06,0,0,0
24646436,6,0,0,0,0
33825580,6,-0.13,0,0,0
34352742,6,0,0,0,0
31765493,6,40,0,0,40
33877033,6,289.69,0,0,290
33179760,6,0,0,0,0
31621294,6,-3.25,0,0,0
33281798,6,142.2,0,30.24,120
33407046,6,211.52,0,36.09,200
34174035,6,-0.02,0,0,0
34300998,6,-46.06,1,76.38,0
33744412,6,-1.45,0,0,0
33896141,6,0,0,0,0
33975561,6,0,0,0,0
34023733,6,-0.04,0,0,0
34236630,6,-0.22,0,0,0
33847723,6,0,0,0,0
34194970,6,0,0,0,0
33730628,6,0.36,0,0,0
33267093,6,6.82,0,8.65,0
33893699,6,0,0,0,0
33472949,6,3.63,0,6.73,0
33698785,6,-0.18,0,0,0
33341467,6,-0.03,0,0,0
33757626,6,9.6,0,16.37,0
33563283,6,-0.64,0,0,0
33385667,6,5.54,0,3.96,0
34247271,6,0,0,0,0
33504466,6,2.29,0,0,0
21278894,6,51.66,1,129.88,0
33768975,6,-4.21,0,6.35,0
34080275,6,-0.26,0,0,0
33974526,6,-1.38,0,0,0
33382522,6,17.51,0,34.33,0
34277351,6,402.49,1,145.02,300
33163030,6,-0.46,0,0,0
33158325,6,-0.15,0,0,0
34192286,6,-0.15,0,0,0
33617610,6,-0.13,0,0,0
33900345,6,-15.56,0,0,0
33364869,6,-0.12,0,0,0
34010840,6,0,0,0,0
34314724,6,-0.04,0,0,0
33619668,6,0,0,0,0
35318215,6,502.11,2,239.71,290
31764857,6,0,0,0,0
33824037,6,51.35,0,51.35,0
34359636,6,-0.51,0,0,0
34347194,6,0,0,0,0
34262532,6,-0.17,0,0,0
33592459,6,-0.68,0,0,0
33871942,6,-0.9,0,4.71,0
34105104,6,61.4,1,34.37,0
33831482,6,0,0,0,0
34262683,6,0,0,0,0
33238262,6,-0.46,0,0,0
33675741,6,-0.09,0,0,0
34347993,6,0,0,0,0
33585942,6,-35.01,0,0,0
33522521,6,658.89,0,0,660
33972349,6,-9.24,2,4.02,0
33073986,6,2.46,0,3,0
33443456,6,40.3,0,44.85,0
34103369,6,-0.16,0,0,0
34268964,6,-0.06,0,0,0
34014537,6,0,0,0,0
34012056,6,-0.06,0,0,0
33066401,6,-0.01,0,0,0
32872817,6,4.98,2,64.4,0
33900233,6,88.83,0,88.83,0
32997451,6,2.65,0,4.31,0
34002046,6,12.62,0,15.09,0
33317835,6,674.55,1,427.87,460
33665398,6,-0.4,0,0,0
33875657,6,0,0,0,0
31440983,6,24.57,0,28.57,0
33366740,6,0,0,0,0
33743332,6,0.8,0,0,0
33330219,6,0,0,0,0
33445427,6,-8.77,0,0,0
33657318,6,0,0,0,0
33410198,6,0,0,0,0
33965984,6,-9.7,0,0,0
33866196,6,0,0,0,0
33199654,6,-0.66,0,0,0
33229820,6,-0.01,0,0,0
32749797,6,-0.76,0,0,0
33126474,6,-4.29,0,0,0
33810404,6,0,0,0,0
33915817,6,-0.05,0,0,0
33333637,6,164.58,2,179.52,0
34177067,6,7.97,0,8.09,0
33845368,6,7.23,0,9.53,0
34006480,6,2.99,0,3.63,0
33061894,6,-0.54,0,0,0
33476105,6,0,0,0,0
33294104,6,0,0,0,0
33700924,6,49.8,0,19.62,40
33201296,6,-3.88,0,0,0
33839811,6,-0.62,0,0,0
33704337,6,11.85,0,7.99,0
33127075,6,-0.65,0,0,0
34015479,6,-0.69,0,0,0
34264465,6,0,0,0,0
30180906,6,48.79,1,62.59,0
33168964,6,-0.02,0,0,0
34017336,6,0,0,0,0
34016942,6,-10.15,2,0,0
34097513,6,-5.43,0,0,0
33683399,6,4.87,0,9.17,0
33081498,6,3.65,0,3.3,0
34112416,6,-8.82,1,132.96,0
34134719,6,-0.11,0,0,0
34035122,6,144.34,1,64.92,80
33699465,6,0,0,0,0
33312162,6,-1.13,0,0,0
16654450,6,-22.74,0,0,0
33784353,6,0,0,0,0
33145188,6,64.45,0,73.77,0
31452233,6,0,0,0,0
33232322,6,6.91,2,22.05,0
34126347,6,0,0,0,0
33703158,6,5.07,0,7.47,0
33169237,6,0,0,0,0
32324976,6,19.99,0,27.2,0
31885254,6,-2.99,0,0,0
33236444,6,0.83,0,0,0
32931540,6,-0.33,0,0,0
33964513,6,1.72,0,2.42,0
32897372,6,0,0,0,0
36914632,6,0,0,0,0
33499158,6,0,0,0,0
33551637,6,-1.45,0,0,0
33467676,6,-0.02,0,0,0
33562784,6,0,0,0,0
34157162,6,0,0,0,0
33730723,6,0,0,0,0
33263326,6,28.71,0,33.67,0
33450995,6,-0.23,0,0,0
34019716,6,-0.37,0,0,0
34115185,6,3093.02,2,3813.87,0
33847801,6,1.63,0,0,0
32822284,6,2.5,0,3.93,0
34200745,6,-2.06,0,0,0
31994288,6,63.97,0,0,120
33923204,6,3.6,0,18,0
33158139,6,252.77,0,11,290
34136846,6,0,0,0,0
34180649,6,0,0,0,0
33221804,6,-0.45,0,0,0
33946310,6,402.02,1,170.87,290
33403756,6,0,0,0,0
33504658,6,0,0,0,0
33783598,6,390.36,2,570.07,0
33402510,6,0,0,0,0
34040398,6,-28.07,0,0,0
33767974,6,-0.01,0,0,0
32869850,6,0,0,0,0
33010722,6,0,0,0,0
35702683,6,0,0,0,0
33915300,6,-0.15,0,0,0
33072970,6,-0.41,0,0,0
33546587,6,0,0,0,0
33821317,6,79.88,0,0,80
33497975,6,0,0,0,0
33056407,6,-0.81,0,0,0
33473634,6,1.79,0,0,0
33511573,6,-0.42,0,0,0
33549662,6,-0.46,0,0,0
34298490,6,-1.51,0,0,0
21980893,6,0,0,0,0
33341072,6,0,0,0,0
33362152,6,0,0,0,0
33630944,6,0,0,0,0
33995105,6,-0.06,0,0,0
33125432,6,0,0,0,0
34286051,6,0,0,0,0
34362652,6,0,0,0,0
34151899,6,0,0,0,0
34344124,6,0,0,0,0
33040947,6,5.38,0,8.33,0
34176344,6,0,0,0,0
33628302,6,-4.22,0,0,0
33086408,6,-0.02,0,0,0
33868144,6,30.39,0,34.71,0
33659069,6,-0.31,0,0,0
33527806,6,13.16,0,16.64,0
33995811,6,40.69,0,59.56,0
33930600,6,-0.26,0,8.9,0
33562651,6,0,0,0,0
34010596,6,-0.06,0,0,0
34256671,6,0,0,0,0
32877383,6,-31.67,0,0,0
34206330,6,-0.4,0,0,0
33968047,6,-0.08,0,0,0
33258429,6,1.8,0,1.8,0
33271657,6,0,0,0,0
32332375,6,-0.39,0,0,0
34130536,6,0,0,0,0
33726219,6,-0.84,0,0,0
34154263,6,0.22,0,0,0
34188170,6,-0.23,0,0,0
31534697,6,-1.21,0,0,0
34257347,6,0,0,0,0
30368735,6,14.25,0,15.8,0
36853254,6,0,0,0,0
33146404,6,-0.21,0,0,0
34115954,6,-234.76,2,25.63,0
22576677,6,0,0,0,0
12171517,6,0,0,0,0
33097009,6,0,0,0,0
33619806,6,59.49,0,82.63,0
33164916,6,244.92,0,0,260
33707360,6,3.51,0,0,0
34056562,6,-0.02,0,0,0
33973734,6,403.56,2,453.69,40
33551305,6,-1.54,0,0,0
33638640,6,0,0,0,0
34037918,6,-0.45,0,0,0
34195869,6,0,0,0,0
34114274,6,0,0,0,0
34097696,6,-51.86,0,0,0
34009555,6,0,0,0,0
33141114,6,-0.16,0,0,0
33955592,6,0,0,0,0
29096883,6,1.55,0,0,0
33721815,6,0,0,0,0
33869546,6,0,0,0,0
33679609,6,-3.64,0,0,0
33162153,6,0,0,0,0
33757480,6,0,0,0,0
33308346,6,0,0,0,0
33996465,6,-0.07,0,0,0
34148445,6,57.6,0,57.66,0
33547950,6,-1.06,0,0,0
36475149,6,76.85,0,7.91,70
34355881,6,0,0,0,0
34141611,6,46.99,0,47.15,0
33988646,6,0,0,0,0
34299717,6,0,0,0,0
33572850,6,0,0,0,0
34123746,6,-2.22,0,0,0
33793548,6,-0.05,0,0,0
33312337,6,233.61,1,290.87,0
33916809,6,23.53,0,28.1,0
33965424,6,0.67,0,0,0
33293572,6,-0.11,0,0,0
33407942,6,7.17,0,10.28,0
34177646,6,60,0,0,60
34360221,6,0,0,0,0
34010814,6,-0.16,0,0,0
33890910,6,-0.08,0,0,0
33902593,6,10.59,0,10.01,0
32856411,6,0,0,0,0
33743751,6,-0.19,0,0,0
33407261,6,-0.09,0,0,0
33464563,6,-0.05,0,0,0
33579829,6,0,0,0,0
33235365,6,0,0,0,0
34248163,6,319.81,0,45.23,290
34255163,6,-1,0,0,0
33329539,6,-0.32,0,0,0
34164491,6,9.48,0,9.48,0
33195752,6,-0.02,0,0,0
32738776,6,0,0,0,0
34175514,6,-0.52,0,0,0
33188237,6,187.17,1,81.71,140
33408677,6,20,0,0,20
32973401,6,0,0,0,0
33497182,6,0,0,0,0
33232059,6,6.53,0,14.23,0
34298751,6,-0.2,0,0,0
34326305,6,0,0,0,0
34016995,6,0,0,0,0
34298960,6,-0.18,0,0,0
34193943,6,0,0,0,0
33067916,6,107.11,1,124.83,0
34314485,6,0,0,0,0
33859896,6,0,0,0,0
31620653,6,0,0,0,0
33436867,6,-0.65,0,0,0
36553570,6,0,0,0,0
16490035,6,-3.31,0,0,0
34267482,6,7.47,0,11.99,0
34169508,6,0,0,0,0
33865824,6,0,0,0,0
33382800,6,0,0,0,0
33501563,6,-12.48,0,0,0
12014454,6,1.62,0,0,0
33515992,6,31.83,0,55.02,0
34255432,6,2.35,0,3.02,0
35279721,0,0,0,0,0
35033000,0,-0.02,0,0,0
35764483,0,0,0,0,0
33038638,0,-1.58,0,0,0
35045003,0,0,0,0,0
36191010,0,-0.04,0,0,0
35653111,0,-0.03,0,0,0
35521242,0,106.22,1,44.41,80
28131284,0,-1,0,0,0
34840890,0,0,0,0,0
36059017,0,0,0,0,0
35930451,0,-0.55,0,0,0
36510559,0,-1.33,0,0,0
36557461,0,-0.04,0,0,0
35084729,0,-4.59,0,0,0
34585659,0,0,0,0,0
35119233,0,0,0,0,0
34817099,0,-0.01,0,0,0
35159920,0,-0.09,0,0,0
34836772,0,0,0,0,0
33018532,0,82.52,1,96.67,0
33114096,0,4.78,0,11.02,0
34794964,0,292.03,2,231.11,120
34728616,0,0,0,0,0
36872984,0,0,0,0,0
34736832,0,-0.15,0,0,0
34373893,0,0,0,0,0
35283133,0,-1.55,0,0,0
36338047,0,-0.22,0,0,0
34383502,0,0,0,0,0
36554900,0,-0.08,0,0,0
35745387,0,0,0,0,0
35373027,0,0,0,0,0
36718191,0,0,0,0,0
32291026,0,-0.31,0,0,0
36311412,0,0,0,0,0
35923591,0,-0.16,0,0,0
21891148,0,0,0,0,0
33488917,0,0,0,0,0
35032233,0,-15.23,2,16.82,0
36429272,0,0,0,0,0
35941511,0,0,0,0,0
34777643,0,60,0,0,60
35415053,0,-16.43,2,3.74,0
33201514,0,40,0,0,40
34861892,0,-0.01,0,0,0
34723408,0,0,0,0,0
36934417,0,0,0,0,0
35432096,0,0,0,0,0
35766544,0,4.06,1,7.23,0
35682688,0,0,0,0,0
35075074,0,-0.47,0,0,0
36711116,0,0,0,0,0
36822204,0,0,0,0,0
35940094,0,-0.08,0,0,0
35819242,0,-0.15,1,0,0
36246089,0,-26.25,0,0,0
35168780,0,-1.43,0,0,0
35810218,0,0,0,0,0
35536276,0,0,0,0,0
36792251,0,0,0,0,0
34850875,0,-1.1,0,0,0
36545690,0,0,0,0,0
36639357,0,0,0,0,0
34093296,0,8.52,0,10.08,0
36346809,0,-0.01,0,0,0
34965754,0,-1.62,0,0,0
35635610,0,0,0,0,0
36851647,0,0,0,0,0
36207096,0,-0.4,0,0,0
35838066,0,0,0,0,0
34557308,0,0,0,0,0
36245506,0,0,0,0,0
35110185,0,0,0,0,0
34970881,0,0,0,0,0
35926756,0,0,0,0,0
33001703,0,0,0,0,0
35523444,0,0,0,0,0
36008811,0,-0.03,0,0,0
34616929,0,0,0,0,0
35894923,0,70,0,0,70
36427737,0,-0.14,0,0,0
35626507,0,0,0,0,0
36845053,0,0,0,0,0
36126617,0,0,0,0,0
34886306,0,0,0,0,0
33473302,0,-2.97,0,0,0
35518909,0,8.91,3,21.6,0
33379085,0,9.16,0,37.37,0
35683036,0,0,0,0,0
33207507,0,-0.12,0,0,0
34494530,0,-0.3,0,0,0
34691243,0,0,0,0,0
36917641,0,0,0,0,0
36658543,0,-0.53,0,0,0
36566419,0,0,0,0,0
36794057,0,0,0,0,0
35432003,0,6.01,1,7.77,0
34206606,0,0,0,0,0
34759297,0,0,0,0,0
36182793,0,3.25,0,4.37,0
36859627,0,0,0,0,0
35364501,0,-0.05,0,0,0
36567496,0,-0.42,0,0,0
34769048,0,3.13,0,3.28,0
25167405,0,0.67,2,9.46,0
36517882,0,0,0,0,0
35980453,0,0,0,0,0
34315644,0,0,0,0,0
36421660,0,0,0,0,0
36204298,0,2.28,0,0,0
33878244,0,-0.04,0,0,0
34631657,0,-0.55,0,0,0
35903582,0,-1.78,0,0,0
35346393,0,0.68,0,0,0
35699916,0,-0.96,0,0,0
34540764,0,-0.47,0,0,0
35634802,0,0,0,0,0
36034825,0,-9.81,0,0,0
33559998,0,0,0,0,0
35946801,0,41.66,0,4.45,40
31622499,0,11.55,0,16.14,0
36015314,0,-0.5,0,0,0
36052411,0,-3.41,1,0,0
36284312,0,0,0,0,0
34199670,0,6.42,0,7.92,0
24941589,0,-3.33,0,0,0
33237128,0,0,0,0,0
36280132,0,-0.59,0,0,0
35419865,0,0,0,0,0
35854096,0,125.72,0,0,140
36504233,0,-0.01,0,0,0
36472328,0,0,0,0,0
36542358,0,-0.18,0,0,0
36329843,0,0,0,0,0
36121198,0,-0.08,0,0,0
34463120,0,0,0,0,0
3898959,0,0,0,0,0
36200982,0,0,0,0,0
35858863,0,140,0,0,140
34235633,0,-0.12,0,0,0
35690266,0,-0.19,0,0,0
35887608,0,0,0,0,0
34537370,0,-0.07,0,0,0
35130223,0,0,0,0,0
34156882,0,51.61,3,12.22,40
32783112,0,-0.25,0,0,0
35183466,0,-4.87,0,0,0
35587039,0,0,0,0,0
35247927,0,0,0,0,0
33363576,0,0,0,0,0
32370932,0,0,0,0,0
22666872,0,19.83,0,3.2,20
36522973,0,-1.96,0,0,0
33983757,0,-0.93,0,0,0
35171482,0,-0.61,0,0,0
35074895,0,0,0,0,0
35387493,0,-0.01,0,0,0
35008060,0,-1.62,0,0,0
35146510,0,0,0,0,0
36931931,0,0,0,0,0
35602077,0,-0.02,0,0,0
33992489,0,-0.04,0,0,0
36788383,0,0,0,0,0
34775271,0,0,0,0,0
34410756,0,-20.06,2,7.01,0
35461782,0,-6.06,0,0,0
36718539,0,0,0,0,0
35240954,0,-0.03,0,0,0
33523957,0,656.23,2,24.81,660
35908211,0,0.43,0,0,0
36445333,0,-0.18,0,0,0
34561329,0,0,0,0,0
33437366,0,-0.33,0,0,0
35966419,0,-0.34,0,0,0
36730393,0,-0.23,0,0,0
34462556,0,-0.07,0,0,0
34768458,0,4.71,0,4.71,0
35023044,0,-0.13,0,0,0
33389959,0,0,0,0,0
33546839,0,-0.02,0,0,0
35673323,0,15.61,2,26.28,0
34535968,0,0,0,0,0
36709065,0,0,0,0,0
34066666,0,0,0,0,0
35592861,0,-0.18,0,0,0
35593146,0,-0.62,0,0,0
36719694,0,0,0,0,0
35587960,0,0,0,0,0
34593029,0,0,0,0,0
36207380,0,0,0,0,0
35945835,0,-2.98,0,0,0
34381106,0,-0.1,0,0,0
36690837,0,0,0,0,0
34867185,0,-13.73,0,0,0
34656884,0,0,0,0,0
36928804,0,0,0,0,0
34897957,0,0,0,0,0
35557669,0,0,0,0,0
34179435,0,19.29,0,20.97,0
33608511,0,66.33,0,94,0
33158496,0,0,0,0,0
34538771,0,0,0,0,0
36704239,0,0,0,0,0
35048745,0,12.9,0,16.32,0
35724334,0,6.23,1,6.23,0
34927614,0,0,0,0,0
35209729,0,-0.03,0,0,0
36514085,0,-0.8,0,0,0
36571916,0,0,0,0,0
36854980,0,0,0,0,0
35013471,0,5.2,0,3.42,0
34407790,0,-0.01,0,0,0
835127,0,0,0,0,0
34970877,0,-4.09,0,0,0
35949606,0,19.99,0,0,20
34688341,0,0,0,0,0
34251641,0,652.17,2,14,660
36927882,0,0,0,0,0
31213795,0,150.78,1,197.86,0
36264971,0,0,0,0,0
34953290,0,-0.8,0,0,0
36227151,0,-0.03,0,0,0
35851546,0,0,0,0,0
35379440,0,-1.34,0,0,0
33944033,0,0,0,0,0
36597811,0,0,0,0,0
34851251,0,0,0,0,0
35117494,0,-0.34,0,0,0
33443097,0,668.11,0,7.76,660
36597630,0,50.97,2,20.17,70
36937903,0,0,0,0,0
35991813,0,0,0,0,0
36391124,0,0.31,0,0,0
34256167,0,0,0,0,0
35630453,0,0,0,0,0
36404893,0,0,0,0,0
36349467,0,0,0,0,0
36354200,0,0,0,0,0
36153740,0,-0.06,0,0,0
33007388,0,0,0,0,0
35066732,0,0,0,0,0
34503726,0,-0.13,0,0,0
33979165,0,0,0,0,0
34844400,0,-1.12,0,0,0
36646680,0,-0.12,0,0,0
35227779,0,-0.08,0,0,0
35908863,0,-0.09,0,0,0
35665116,0,-0.01,0,0,0
35192546,0,0,0,0,0
36408257,0,0,0,0,0
35967586,0,0,0,0,0
35163126,0,0,0,0,0
34899613,0,0,0,0,0
36180532,0,40.16,0,0,40
34894719,0,2.97,0,10.25,0
35283597,0,-0.36,0,0,0
34778865,0,-0.04,0,0,0
35452366,0,3.84,0,4.01,0
36640223,0,0,0,0,0
36278533,0,0,0,0,0
33188436,0,0,0,0,0
35744079,0,0,0,0,0
34451471,0,11.48,0,22.12,0
36352639,0,0,0,0,0
33422900,0,-0.03,0,0,0
34986295,0,0,0,0,0
34317739,0,-23.33,2,25.57,0
36785049,0,0,0,0,0
23628938,0,0,0,0,0
34771187,0,-1.68,0,0,0
33510295,0,0,0,0,0
36612211,0,0,0,0,0
35467019,0,-2.24,0,0,0
34560415,0,0,0,0,0
36724293,0,0,0,0,0
35625547,0,0,0,0,0
35454143,0,-0.01,0,0,0
36690007,0,-0.26,0,0,0
35829874,0,0,0,0,0
35202022,0,0,2,0,0
35419052,0,0,0,0,0
35501694,0,-0.01,0,0,0
33635894,0,0,0,0,0
35292816,0,-0.79,0,0,0
35523192,0,0,0,0,0
9875432,0,0,0,0,0
34926625,0,0,0,0,0
35369667,0,0,0,0,0
35405003,0,1.95,0,3.17,0
36088036,0,0,0,0,0
36836058,0,0,0,0,0
36396235,0,0,0,0,0
36029236,0,35.64,1,39.37,0
35579535,0,0,0,0,0
36298917,0,17.12,1,24.88,0
36780160,0,0,0,0,0
35252307,0,0,0,0,0
36758901,0,0,0,0,0
34625018,0,0,0,0,0
36592167,0,0,0,0,0
35844027,0,0,0,0,0
35635883,0,-0.26,0,0,0
34843258,0,0,0,0,0
36551885,0,-0.14,0,0,0
36050877,0,0,0,0,0
34227337,0,-0.8,0,0,0
36907217,0,0,0,0,0
34960956,0,0,0,0,0
34865734,0,-0.01,0,0,0
34800541,0,0,0,0,0
34937202,0,0,0,0,0
34955517,0,0,0,0,0
34397776,0,-0.01,0,0,0
36159118,0,0,0,0,0
35257394,0,0,0,0,0
34405823,0,21.18,0,18.74,0
35853042,0,-0.01,0,0,0
35514144,0,-0.25,0,0,0
33812215,0,0,0,0,0
34497109,0,0,0,0,0
35895951,0,-0.05,0,0,0
36509829,0,0,0,0,0
36047578,0,0,0,0,0
34379214,0,-1.85,0,0,0
34671058,0,0,0,0,0
34733554,0,-1.59,0,0,0
34259431,0,0,0,0,0
34427893,0,0,0,0,0
36191544,0,0,0,0,0
34405776,0,0,0,0,0
36810280,0,0,0,0,0
33721346,0,0,0,0,0
33930729,0,4.54,0,0,0
36601712,0,-0.99,0,0,0
33511594,0,10.8,0,13.67,0
34502912,0,-8.72,0,0,0
33998929,0,0,0,0,0
34497946,0,0,0,0,0
35431166,0,14.84,0,5.75,0
34759054,0,-0.08,0,0,0
35852781,0,0,0,0,0
36382474,0,0,0,0,0
34707733,0,0,0,0,0
33362870,0,-0.55,0,0,0
36489347,0,139.99,0,0,140
35766952,0,-0.03,0,0,0
34457683,0,-1.8,0,0,0
33437937,0,0,0,0,0
35999804,0,0,0,0,0
36621408,0,0,0,0,0
36707433,0,0,0,0,0
35875786,0,5.37,0,5.42,0
36465409,0,0,0,0,0
34454520,0,0,0,0,0
35217122,0,5.47,0,5.55,0
34782972,0,18.52,0,18.9,0
35505518,0,0,0,0,0
33568680,0,-0.24,0,0,0
36679894,0,0,0,0,0
35097849,0,-0.11,0,0,0
35708898,0,-0.02,0,0,0
35150625,0,0,0,0,0
35336129,0,18.17,1,53.06,0
35461804,0,-0.45,0,0,0
34016608,0,0,0,0,0
34803663,0,43.18,0,0,60
35375600,0,-0.32,0,0,0
33476365,0,53.3,1,51.02,40
36478671,0,0,0,0,0
35149633,0,-0.04,0,0,0
35936607,0,0,0,0,0
36943292,0,0,0,0,0
35662439,0,0,0,0,0
36221184,0,-0.29,0,0,0
34791063,0,0,0,0,0
34789925,0,0,0,0,0
34487649,0,0,0,0,0
36433386,0,0,0,0,0
33986158,0,-0.25,0,0,0
35363726,0,-0.22,0,0,0
36894546,0,0,0,0,0
36743997,0,0,0,0,0
36090638,0,0,0,0,0
34480769,0,-23.4,0,0,0
35299218,0,0,0,0,0
35865720,0,0,0,0,0
35791234,0,0,0,0,0
36248318,0,-0.23,0,0,0
35126045,0,0,0,0,0
36542914,0,-0.21,0,0,0
34218803,0,0,0,0,0
36101731,0,-0.91,0,0,0
35666267,0,-2.61,0,0,0
35061871,0,-0.04,0,0,0
36138449,0,-7.34,0,0,0
34197217,0,17.16,1,19.77,0
36590250,0,0,0,0,0
33969110,0,0,0,0,0
35835421,0,24.57,1,28.93,0
34846061,0,-0.14,0,0,0
35761869,0,-1.74,0,0,0
36100252,0,-12.8,0,0,0
22415756,0,0,0,0,0
34526958,0,-0.05,0,0,0
36149296,0,9.33,1,9.33,0
34838474,0,0,0,0,0
35221046,0,-0.54,0,0,0
34521241,0,0,0,0,0
35554253,0,-0.1,0,0,0
23935564,0,0,0,0,0
34698572,0,-0.04,0,0,0
35640929,0,0,0,0,0
34663975,0,0,0,0,0
36913337,0,0,0,0,0
35776068,0,0,0,0,0
35139961,0,0,0,0,0
35626447,0,6.55,0,5.12,0
33444393,0,-0.24,0,0,0
35595465,0,-0.69,0,0,0
34776611,0,0,2,0,0
35626670,0,0,0,0,0
35881900,0,10.47,0,12.79,0
36784943,0,0,0,0,0
34868825,0,0,0,0,0
36730895,0,0,0,0,0
34952964,0,-0.06,0,0,0
33460437,0,69.28,0,80.25,0
36664680,0,-0.11,0,0,0
36831214,0,0,0,0,0
36606249,0,-0.01,0,0,0
35794848,0,-0.01,0,0,0
33394029,0,0,0,0,0
35888660,0,-0.02,0,0,0
35387050,0,0,0,0,0
33529342,0,113.75,0,0,140
34944509,0,117.95,2,4.71,120
36507691,0,-0.61,1,0,0
34295153,0,0,0,0,0
34887146,0,0,0,0,0
35996283,0,0,0,0,0
36399794,0,0,0,0,0
36800394,0,0,0,0,0
36880594,0,0,0,0,0
36398687,0,0,0,0,0
34851747,0,0,0,0,0
35736381,0,0,0,0,0
34200930,0,0,0,0,0
34798709,0,0,0,0,0
34669906,0,0,0,0,0
36618140,0,0,0,0,0
36352255,0,0,0,0,0
35726444,0,1.3,0,0,0
35495481,0,0.93,0,4.18,0
36326074,0,-2.38,0,0,0
34800000,0,0,0,0,0
36748243,0,0,0,0,0
34551410,0,-0.02,0,0,0
36212822,0,-0.09,0,0,0
36699700,0,0,0,0,0
35068906,0,18.49,1,23.24,0
36313762,0,-0.42,0,0,0
36866575,0,0,0,0,0
35445753,0,-0.81,0,0,0
34454985,0,117.86,0,0,120
36887127,0,0,0,0,0
34629979,0,0,0,0,0
35140872,0,0,0,0,0
35556922,0,-0.18,0,0,0
36137538,0,-0.04,0,0,0
33850605,0,0,0,0,0
36760364,0,0,0,0,0
35129310,0,0,0,0,0
34154578,0,25.08,1,47.07,0
34378383,0,-0.31,0,0,0
34475984,0,0,0,0,0
34140852,0,-0.28,0,0,0
33294817,0,0,0,0,0
33799333,0,-0.02,0,0,0
32985761,0,1.74,0,3.8,0
30830882,0,0,0,0,0
36254981,0,0,0,0,0
36013110,0,0,0,0,0
36117974,0,6.52,0,9,0
36617166,0,0,0,0,0
36082627,0,0,0,0,0
35483785,0,0,0,0,0
36643782,0,0,0,0,0
35640333,0,0,0,0,0
31107626,0,-3.82,0,0,0
33953449,0,0,0,0,0
35668724,0,0,0,0,0
36145239,0,0,0,0,0
34853875,0,0,0,0,0
36696671,0,0,0,0,0
34702066,0,-0.59,1,0,0
35642241,0,0.67,0,0,0
35083734,0,-0.26,0,0,0
36824082,0,0,0,0,0
36217662,0,0,0,0,0
35979102,0,-0.01,0,0,0
35714576,0,257.95,2,255.17,70
35650417,0,0,0,0,0
36924375,0,0,0,0,0
35854166,0,10.04,1,27.02,0
35190675,0,0,0,0,0
34186081,0,-0.03,0,0,0
35724435,0,8.46,0,8.91,0
35593087,0,16.38,1,17.47,0
34745102,0,0,0,0,0
36252592,0,0,0,0,0
36089683,0,0,0,0,0
36071805,0,0,0,0,0
34683424,0,0,0,0,0
34710436,0,0,0,0,0
35965873,0,0,0,0,0
34451258,0,-0.01,0,0,0
36653917,0,0,0,0,0
35177824,0,-1.03,0,0,0
35866164,0,-0.01,0,0,0
36692250,0,0,0,0,0
34881129,0,0,0,0,0
34518552,0,16.05,0,16.58,0
35831742,0,0,0,0,0
36757230,0,0,0,0,0
34693416,0,5.03,1,10.12,0
36742863,0,0,0,0,0
36807500,0,0,0,0,0
36076985,0,-0.08,0,0,0
35077772,0,-0.95,0,0,0
34784864,0,-24.05,0,0,0
36299465,0,0,0,0,0
33405342,0,102.7,0,127.66,0
36060757,0,-0.07,0,0,0
34771079,0,53.9,0,0,53.9
33567984,0,-0.22,0,0,0
34538226,0,0,0,0,0
35641246,0,0,0,0,0
36408630,0,0,0,0,0
33253681,0,0,0,0,0
33962002,0,-1.69,0,0,0
36385665,0,0,0,0,0
33771616,0,-0.73,0,0,0
33718103,0,4.67,0,6.59,0
35453096,0,0,0,0,0
36559825,0,0,0,0,0
34463972,0,0,0,0,0
35255384,0,2.28,0,3.08,0
36392903,0,0,0,0,0
34215027,0,2.59,0,3.28,0
36386580,0,1.98,0,4.46,0
36214754,0,0,0,0,0
35771711,0,0,0,0,0
36055816,0,-25.1,0,0,0
35227161,0,0,0,0,0
36773425,0,0,0,0,0
35010576,0,-0.09,0,0,0
36822978,0,0,0,0,0
35192298,0,-0.02,0,0,0
35619455,0,21.83,0,26.33,0
34422830,0,2.2,0,5.7,0
36633954,0,0,0,0,0
35098263,0,-0.77,0,0,0
36589314,0,0,0,0,0
35790348,0,0,0,0,0
35024400,0,-0.02,0,0,0
34396528,0,0,0,0,0
29176153,0,0,0,0,0
35031765,0,-0.07,0,0,0
36505205,0,0,0,0,0
33727078,0,21.23,0,31.19,0
36733940,0,0,0,0,0
34787831,0,28.68,0,31.71,0
35286057,0,0,0,0,0
36009390,0,0,0,0,0
35586093,0,9.72,0,8.6,0
35021260,0,-1.2,0,0,0
36866560,0,0,0,0,0
36059105,0,-0.16,0,0,0
34858028,0,0,0,0,0
35638722,0,-0.07,0,0,0
35492422,0,0,0,0,0
36119842,0,0,0,0,0
36062579,0,40,0,0,40
36644035,0,0,0,0,0
33947923,0,-0.05,0,0,0
36727858,0,0,0,0,0
35849943,0,0,0,0,0
35872607,0,-0.09,0,0,0
33247574,0,-0.19,0,0,0
34952339,0,-0.34,0,0,0
36664418,0,0,0,0,0
36055420,0,0,0,0,0
35845043,0,0,0,0,0
35554631,0,0,0,0,0
36390824,0,-0.02,0,0,0
34581609,0,0,0,0,0
36148482,0,-1.05,0,0,0
36634950,0,0,0,0,0
34603829,0,0,0,0,0
36184569,0,0,0,0,0
35552361,0,0,0,0,0
35184434,0,-0.59,0,0,0
36752084,0,0,0,0,0
35481807,0,0,0,0,0
34047485,0,234.22,1,321.97,0
33580021,0,0,0,0,0
35294846,0,-0.78,0,0,0
33749579,0,0,0,0,0
33955093,0,18.95,0,18.6,0
34861207,0,0,0,0,0
36689585,0,0,0,0,0
36852996,0,0,0,0,0
33795872,0,3.92,0,4.2,0
34973979,0,0,0,0,0
36054458,0,0,0,0,0
36595472,0,40,0,0,40
36545835,0,-0.02,0,0,0
35479467,0,118.17,1,11,140
36818042,0,0,0,0,0
33977995,0,80,0,0,80
34879642,0,-0.09,0,0,0
34883155,0,0,0,0,0
33185292,0,0,0,0,0
36811928,0,0,0,0,0
34891510,0,-0.02,0,0,0
36178816,0,-3.66,0,0,0
34461384,0,0,0,0,0
36456367,0,0,0,0,0
36555504,0,-0.06,0,0,0
36505421,0,-0.5,0,0,0
33113819,0,0,0,0,0
33078610,0,-13.14,2,0,0
35306457,0,12.74,1,12.74,0
36198952,0,6.37,1,6.37,0
36781745,0,0,0,0,0
35317436,0,0,0,0,0
35147159,0,-0.04,0,0,0
36182867,0,40,0,0,40
35279917,0,0,0,0,0
34817092,0,-0.24,0,0,0
35486664,0,0,0,0,0
34501641,0,-0.76,0,0,0
36684701,0,0,0,0,0
34351485,0,0,0,0,0
35827011,0,122.72,1,92.21,80
34489836,0,-12.8,0,3.35,0
34647479,0,-0.02,0,0,0
12913214,0,96.98,1,129.48,0
34542844,0,-0.07,0,0,0
34877217,0,0,0,0,0
34830402,0,0,0,0,0
36025586,0,0,0,0,0
34501439,0,-0.04,0,0,0
33459269,0,0,0,0,0
36811414,0,0,0,0,0
34073209,0,-0.03,0,0,0
36947990,0,0,0,0,0
31744182,0,7.79,0,3.04,0
36225831,0,37.61,0,0,40
34260383,0,-0.04,0,0,0
36293075,0,0,0,0,0
36637859,0,-0.05,0,0,0
35420936,0,-0.28,0,0,0
33957662,0,0,0,0,0
35167172,0,-5.07,0,0,0
34798922,0,54.8,2,36.52,0
36690634,0,0,0,0,0
35522983,0,0,0,0,0
33518979,0,0,0,0,0
36305997,0,-0.04,0,0,0
36863344,0,0,0,0,0
36907093,0,0,0,0,0
35789854,0,0,0,0,0
36342222,0,0,0,0,0
35697550,0,-0.03,0,0,0
33120624,0,0,0,0,0
35651298,0,0,0,0,0
36597119,0,42.92,2,4.46,40
36478682,0,0,0,0,0
36168169,0,0,0,0,0
36147885,0,0,0,0,0
34341045,0,0,0,0,0
34581170,0,0,0,0,0
33377033,0,-0.01,0,0,0
35117519,0,0,0,0,0
34244655,0,0,0,0,0
33096296,0,-3.07,0,0,0
36727461,0,0,0,0,0
34408157,0,0,0,0,0
34574357,0,0,0,0,0
35140483,0,-0.59,0,0,0
36353493,0,18.06,1,21.49,0
33732037,0,-0.31,0,0,0
33603030,0,-0.04,0,0,0
35785257,0,0,0,0,0
35873293,0,5.73,0,7.72,0
35121388,0,-2.39,0,0,0
18687300,0,25.67,1,7.2,20
33404174,0,0,0,0,0
34083285,0,0,0,0,0
34636289,0,-0.01,0,0,0
36604126,0,0,0,0,0
34525366,0,-0.06,0,0,0
35695380,0,38.14,1,19.84,40
34657254,0,0,0,0,0
35430388,0,-14.84,0,0,0
34652048,0,6.28,0,6.29,0
33377418,0,21.78,0,17.16,0
35172942,0,0,0,0,0
34504585,0,0,0,0,0
35146528,0,75.04,1,47.04,0
35249886,0,0,0,0,0
36656809,0,0,0,0,0
33722659,0,296.34,0,6.34,290
35863532,0,-1.98,0,0,0
36590897,0,0,0,0,0
35011330,0,-0.2,0,0,0
34170207,0,0,0,0,0
35243088,0,0,0,0,0
34712843,0,-4.77,0,0,0
36680558,0,0,0,0,0
36401049,0,0,0,0,0
34314210,0,289.83,0,0,290
35008034,0,0,0,0,0
34177175,0,0,0,0,0
22768438,0,0,0,0,0
35503763,0,0,0,0,0
35447414,0,0,0,0,0
35016858,0,-0.16,0,0,0
34665526,0,29.64,0,32.55,0
34699744,0,0,0,0,0
33608231,0,0,0,0,0
35379008,0,12.24,0,12.24,0
36452307,0,0,0,0,0
34245979,0,0,0,0,0
34221785,0,42.55,0,44.1,0
34041988,0,0,0,0,0
36109757,0,0,0,0,0
32425115,0,-2.29,0,0,0
33478862,0,54.45,0,100.72,0
35823791,0,-0.1,0,0,0
34577240,0,0,0,0,0
36537325,0,-0.16,0,0,0
35297300,0,-4.31,0,0,0
33762355,0,0,0,0,0
33993778,0,-0.05,0,0,0
36674688,0,0,0,0,0
36696310,0,0,0,0,0
36042984,0,234.32,1,52.37,200